logical_table,physical_file,location
AHSYLOG,AHSYLOG,DEFAULT
AHSYLOG,AHSYLOG,TESTDATA
BKABCUST,BKABCUST,DEFAULT
BKABCUST,BKABCUST,TESTDATA
BKABVEND,BKABVEND,DEFAULT
BKABVEND,BKABVEND,TESTDATA
BKACTRPT,BKACTRPT,DEFAULT
BKACTRPT,BKACTRPT,TESTDATA
BKAPCHKF,BKAPCHKF,DEFAULT
BKAPCHKF,BKAPCHKH,DEFAULT
BKAPCHKF,BKARCHKF,DEFAULT
BKAPCHKF,BKARCHKH,DEFAULT
BKAPCHKF,ISAPACHK,DEFAULT
BKAPCHKF,ISARACHK,DEFAULT
BKAPCHKF,BKAPCHKF,TESTDATA
BKAPCHKF,BKAPCHKH,TESTDATA
BKAPCHKF,BKARCHKF,TESTDATA
BKAPCHKF,BKARCHKH,TESTDATA
BKAPCHKF,ISAPACHK,TESTDATA
BKAPCHKF,ISARACHK,TESTDATA
BKAPDESC,BKAPADSC,DEFAULT
BKAPDESC,BKAPDESC,DEFAULT
BKAPDESC,BKAPHDSC,DEFAULT
BKAPDESC,BKARDESC,DEFAULT
BKAPDESC,BKARDPST,DEFAULT
BKAPDESC,BKARHDSC,DEFAULT
BKAPDESC,BKARRDSC,DEFAULT
BKAPDESC,BKGLDESC,DEFAULT
BKAPDESC,BKQTNOTE,DEFAULT
BKAPDESC,BKQTTEMP,DEFAULT
BKAPDESC,BKRFQDES,DEFAULT
BKAPDESC,BKSONOTE,DEFAULT
BKAPDESC,ISARADSC,DEFAULT
BKAPDESC,ISARAHDS,DEFAULT
BKAPDESC,ISRFQADS,DEFAULT
BKAPDESC,ISRMADSC,DEFAULT
BKAPDESC,ISRMDESC,DEFAULT
BKAPDESC,ISSRADSC,DEFAULT
BKAPDESC,ISSRDESC,DEFAULT
BKAPDESC,ISWODESC,DEFAULT
BKAPDESC,ISWOHDSC,DEFAULT
BKAPDESC,NOTETEMP,DEFAULT
BKAPDESC,BKAPADSC,TESTDATA
BKAPDESC,BKAPDESC,TESTDATA
BKAPDESC,BKAPHDSC,TESTDATA
BKAPDESC,BKARDESC,TESTDATA
BKAPDESC,BKARDPST,TESTDATA
BKAPDESC,BKARHDSC,TESTDATA
BKAPDESC,BKARRDSC,TESTDATA
BKAPDESC,BKGLDESC,TESTDATA
BKAPDESC,BKQTNOTE,TESTDATA
BKAPDESC,BKQTTEMP,TESTDATA
BKAPDESC,BKRFQDES,TESTDATA
BKAPDESC,BKSONOTE,TESTDATA
BKAPDESC,ISARADSC,TESTDATA
BKAPDESC,ISARAHDS,TESTDATA
BKAPDESC,ISRFQADS,TESTDATA
BKAPDESC,ISRMADSC,TESTDATA
BKAPDESC,ISRMDESC,TESTDATA
BKAPDESC,ISSRADSC,TESTDATA
BKAPDESC,ISSRDESC,TESTDATA
BKAPDESC,ISWODESC,TESTDATA
BKAPDESC,ISWOHDSC,TESTDATA
BKAPDESC,NOTETEMP,TESTDATA
BKAPINVL,BKAPINVL,DEFAULT
BKAPINVL,BKAPRIVL,DEFAULT
BKAPINVL,ISAPAINL,DEFAULT
BKAPINVL,BKAPINVL,TESTDATA
BKAPINVL,BKAPRIVL,TESTDATA
BKAPINVL,ISAPAINL,TESTDATA
BKAPINVT,BKAPEIVT,DEFAULT
BKAPINVT,BKAPINVT,DEFAULT
BKAPINVT,ISAPAINT,DEFAULT
BKAPINVT,BKAPEIVT,TESTDATA
BKAPINVT,BKAPINVT,TESTDATA
BKAPINVT,ISAPAINT,TESTDATA
BKAPNOTE,BKAPNOTE,DEFAULT
BKAPNOTE,BKAPNOTE,TESTDATA
BKAPPO,BKAPAPO,DEFAULT
BKAPPO,BKAPHPO,DEFAULT
BKAPPO,BKAPPO,DEFAULT
BKAPPO,BKAPRFQ,DEFAULT
BKAPPO,ISAPARFQ,DEFAULT
BKAPPO,ISAPOPO,DEFAULT
BKAPPO,ISSPOH,DEFAULT
BKAPPO,ISSRFQH,DEFAULT
BKAPPO,BKAPAPO,TESTDATA
BKAPPO,BKAPHPO,TESTDATA
BKAPPO,BKAPPO,TESTDATA
BKAPPO,BKAPRFQ,TESTDATA
BKAPPO,ISAPARFQ,TESTDATA
BKAPPO,ISAPOPO,TESTDATA
BKAPPO,ISSPOH,TESTDATA
BKAPPO,ISSRFQH,TESTDATA
BKAPPOL,BKAPAPOL,DEFAULT
BKAPPOL,BKAPHPOL,DEFAULT
BKAPPOL,BKAPPOL,DEFAULT
BKAPPOL,BKAPRFQL,DEFAULT
BKAPPOL,ISAPARFL,DEFAULT
BKAPPOL,ISAPOPOL,DEFAULT
BKAPPOL,ISSPOL,DEFAULT
BKAPPOL,ISSRFQL,DEFAULT
BKAPPOL,BKAPAPOL,TESTDATA
BKAPPOL,BKAPHPOL,TESTDATA
BKAPPOL,BKAPPOL,TESTDATA
BKAPPOL,BKAPRFQL,TESTDATA
BKAPPOL,ISAPARFL,TESTDATA
BKAPPOL,ISAPOPOL,TESTDATA
BKAPPOL,ISSPOL,TESTDATA
BKAPPOL,ISSRFQL,TESTDATA
BKAPVEND,BKAPEVND,DEFAULT
BKAPVEND,BKAPVEND,DEFAULT
BKAPVEND,ISAPAVND,DEFAULT
BKAPVEND,BKAPEVND,TESTDATA
BKAPVEND,BKAPVEND,TESTDATA
BKAPVEND,ISAPAVND,TESTDATA
BKARCUST,BKARCUST,DEFAULT
BKARCUST,BKARECST,DEFAULT
BKARCUST,BKARSHIP,DEFAULT
BKARCUST,BKCMCUST,DEFAULT
BKARCUST,ISARACST,DEFAULT
BKARCUST,BKARCUST,TESTDATA
BKARCUST,BKARECST,TESTDATA
BKARCUST,BKARSHIP,TESTDATA
BKARCUST,BKCMCUST,TESTDATA
BKARCUST,ISARACST,TESTDATA
BKARDEP,BKAPDEP,DEFAULT
BKARDEP,BKARDEP,DEFAULT
BKARDEP,BKAPDEP,TESTDATA
BKARDEP,BKARDEP,TESTDATA
BKARHTAX,BKARHTAX,DEFAULT
BKARHTAX,ISARAHTX,DEFAULT
BKARHTAX,BKARHTAX,TESTDATA
BKARHTAX,ISARAHTX,TESTDATA
BKARINV,BKARHINV,DEFAULT
BKARINV,BKARINV,DEFAULT
BKARINV,BKARRINV,DEFAULT
BKARINV,BKEDIH,DEFAULT
BKARINV,BKESTQT,DEFAULT
BKARINV,ISARAHIN,DEFAULT
BKARINV,ISARAINV,DEFAULT
BKARINV,ISESAHDR,DEFAULT
BKARINV,ISESTAQT,DEFAULT
BKARINV,ISESTHDR,DEFAULT
BKARINV,ISRMAINV,DEFAULT
BKARINV,ISRMINV,DEFAULT
BKARINV,ISSEDH,DEFAULT
BKARINV,ISSESH,DEFAULT
BKARINV,ISSQTH,DEFAULT
BKARINV,ISSRAINV,DEFAULT
BKARINV,ISSRCH,DEFAULT
BKARINV,ISSRINV,DEFAULT
BKARINV,ISSRMH,DEFAULT
BKARINV,ISSRMINV,DEFAULT
BKARINV,ISSSOH,DEFAULT
BKARINV,ISSSRH,DEFAULT
BKARINV,BKARHINV,TESTDATA
BKARINV,BKARINV,TESTDATA
BKARINV,BKARRINV,TESTDATA
BKARINV,BKEDIH,TESTDATA
BKARINV,BKESTQT,TESTDATA
BKARINV,ISARAHIN,TESTDATA
BKARINV,ISARAINV,TESTDATA
BKARINV,ISESAHDR,TESTDATA
BKARINV,ISESTAQT,TESTDATA
BKARINV,ISESTHDR,TESTDATA
BKARINV,ISRMAINV,TESTDATA
BKARINV,ISRMINV,TESTDATA
BKARINV,ISSEDH,TESTDATA
BKARINV,ISSESH,TESTDATA
BKARINV,ISSQTH,TESTDATA
BKARINV,ISSRAINV,TESTDATA
BKARINV,ISSRCH,TESTDATA
BKARINV,ISSRINV,TESTDATA
BKARINV,ISSRMH,TESTDATA
BKARINV,ISSRMINV,TESTDATA
BKARINV,ISSSOH,TESTDATA
BKARINV,ISSSRH,TESTDATA
BKARINVI,BKARINVI,DEFAULT
BKARINVI,ISARAIVI,DEFAULT
BKARINVI,BKARINVI,TESTDATA
BKARINVI,ISARAIVI,TESTDATA
BKARINVL,BKARHIVL,DEFAULT
BKARINVL,BKARINVL,DEFAULT
BKARINVL,BKARRIVL,DEFAULT
BKARINVL,BKARSIVL,DEFAULT
BKARINVL,BKEDIL,DEFAULT
BKARINVL,BKESTQTL,DEFAULT
BKARINVL,ISARAHIL,DEFAULT
BKARINVL,ISARAIVL,DEFAULT
BKARINVL,ISESALNE,DEFAULT
BKARINVL,ISESTAQL,DEFAULT
BKARINVL,ISESTLNE,DEFAULT
BKARINVL,ISRMAIVL,DEFAULT
BKARINVL,ISRMINVL,DEFAULT
BKARINVL,ISSEDL,DEFAULT
BKARINVL,ISSESL,DEFAULT
BKARINVL,ISSQTL,DEFAULT
BKARINVL,ISSRAIVL,DEFAULT
BKARINVL,ISSRCL,DEFAULT
BKARINVL,ISSRINVL,DEFAULT
BKARINVL,ISSRMIVL,DEFAULT
BKARINVL,ISSRML,DEFAULT
BKARINVL,ISSSOL,DEFAULT
BKARINVL,ISSSRL,DEFAULT
BKARINVL,BKARHIVL,TESTDATA
BKARINVL,BKARINVL,TESTDATA
BKARINVL,BKARRIVL,TESTDATA
BKARINVL,BKARSIVL,TESTDATA
BKARINVL,BKEDIL,TESTDATA
BKARINVL,BKESTQTL,TESTDATA
BKARINVL,ISARAHIL,TESTDATA
BKARINVL,ISARAIVL,TESTDATA
BKARINVL,ISESALNE,TESTDATA
BKARINVL,ISESTAQL,TESTDATA
BKARINVL,ISESTLNE,TESTDATA
BKARINVL,ISRMAIVL,TESTDATA
BKARINVL,ISRMINVL,TESTDATA
BKARINVL,ISSEDL,TESTDATA
BKARINVL,ISSESL,TESTDATA
BKARINVL,ISSQTL,TESTDATA
BKARINVL,ISSRAIVL,TESTDATA
BKARINVL,ISSRCL,TESTDATA
BKARINVL,ISSRINVL,TESTDATA
BKARINVL,ISSRMIVL,TESTDATA
BKARINVL,ISSRML,TESTDATA
BKARINVL,ISSSOL,TESTDATA
BKARINVL,ISSSRL,TESTDATA
BKARINVT,BKAREIVT,DEFAULT
BKARINVT,BKARINVT,DEFAULT
BKARINVT,ISARAINT,DEFAULT
BKARINVT,BKAREIVT,TESTDATA
BKARINVT,BKARINVT,TESTDATA
BKARINVT,ISARAINT,TESTDATA
BKARINVV,BKARINVV,DEFAULT
BKARINVV,ISARAIVV,DEFAULT
BKARINVV,BKARINVV,TESTDATA
BKARINVV,ISARAIVV,TESTDATA
BKART,ARTTEMP,DEFAULT
BKART,BKART,DEFAULT
BKART,ISARAT,DEFAULT
BKART,ARTTEMP,TESTDATA
BKART,BKART,TESTDATA
BKART,ISARAT,TESTDATA
BKARTNOT,BKARTNOT,DEFAULT
BKARTNOT,ISARATNT,DEFAULT
BKARTNOT,BKARTNOT,TESTDATA
BKARTNOT,ISARATNT,TESTDATA
BKARTXN,BKARTXN,DEFAULT
BKARTXN,BKARTXNB,DEFAULT
BKARTXN,BKARTXNS,DEFAULT
BKARTXN,BKSOHLOT,DEFAULT
BKARTXN,BKSOHSER,DEFAULT
BKARTXN,ISARATXN,DEFAULT
BKARTXN,ISARATXS,DEFAULT
BKARTXN,ISRMATXN,DEFAULT
BKARTXN,ISRMATXS,DEFAULT
BKARTXN,ISRMTXN,DEFAULT
BKARTXN,ISRMTXNS,DEFAULT
BKARTXN,ISSOALOT,DEFAULT
BKARTXN,ISSOASER,DEFAULT
BKARTXN,ISSRATXN,DEFAULT
BKARTXN,ISSRATXS,DEFAULT
BKARTXN,ISSRTXN,DEFAULT
BKARTXN,ISSRTXNS,DEFAULT
BKARTXN,BKARTXN,TESTDATA
BKARTXN,BKARTXNB,TESTDATA
BKARTXN,BKARTXNS,TESTDATA
BKARTXN,BKSOHLOT,TESTDATA
BKARTXN,BKSOHSER,TESTDATA
BKARTXN,ISARATXN,TESTDATA
BKARTXN,ISARATXS,TESTDATA
BKARTXN,ISRMATXN,TESTDATA
BKARTXN,ISRMATXS,TESTDATA
BKARTXN,ISRMTXN,TESTDATA
BKARTXN,ISRMTXNS,TESTDATA
BKARTXN,ISSOALOT,TESTDATA
BKARTXN,ISSOASER,TESTDATA
BKARTXN,ISSRATXN,TESTDATA
BKARTXN,ISSRATXS,TESTDATA
BKARTXN,ISSRTXN,TESTDATA
BKARTXN,ISSRTXNS,TESTDATA
BKBMCNFG,BKBMCNFG,DEFAULT
BKBMCNFG,BKBMCNFG,TESTDATA
BKBMDIM,BKBMDIM,DEFAULT
BKBMDIM,BKBMDIM,TESTDATA
BKBMMSTR,BKBMAMTR,DEFAULT
BKBMMSTR,BKBMAVAL,DEFAULT
BKBMMSTR,BKBMEMTR,DEFAULT
BKBMMSTR,BKBMMSTR,DEFAULT
BKBMMSTR,BKBMSUMM,DEFAULT
BKBMMSTR,ISBMESA,DEFAULT
BKBMMSTR,ISBMEST,DEFAULT
BKBMMSTR,ISBMTMP,DEFAULT
BKBMMSTR,BKBMAMTR,TESTDATA
BKBMMSTR,BKBMAVAL,TESTDATA
BKBMMSTR,BKBMEMTR,TESTDATA
BKBMMSTR,BKBMMSTR,TESTDATA
BKBMMSTR,BKBMSUMM,TESTDATA
BKBMMSTR,ISBMESA,TESTDATA
BKBMMSTR,ISBMEST,TESTDATA
BKBMMSTR,ISBMTMP,TESTDATA
BKBMNOTE,BKBMNOTE,DEFAULT
BKBMNOTE,BKBMNOTE,TESTDATA
BKBMREMK,BKBMERMK,DEFAULT
BKBMREMK,BKBMREMK,DEFAULT
BKBMREMK,BKBMERMK,TESTDATA
BKBMREMK,BKBMREMK,TESTDATA
BKCMACCC,BKCMACCC,DEFAULT
BKCMACCC,ISBRANDC,DEFAULT
BKCMACCC,ISPOSC,DEFAULT
BKCMACCC,BKCMACCC,TESTDATA
BKCMACCC,ISBRANDC,TESTDATA
BKCMACCC,ISPOSC,TESTDATA
BKCMACCL,BKCMACCL,DEFAULT
BKCMACCL,BKCMEACC,DEFAULT
BKCMACCL,ISBRANDS,DEFAULT
BKCMACCL,ISPOS,DEFAULT
BKCMACCL,BKCMACCL,TESTDATA
BKCMACCL,BKCMEACC,TESTDATA
BKCMACCL,ISBRANDS,TESTDATA
BKCMACCL,ISPOS,TESTDATA
BKCMACCN,BKAPACCN,DEFAULT
BKCMACCN,BKCMACCN,DEFAULT
BKCMACCN,BKAPACCN,TESTDATA
BKCMACCN,BKCMACCN,TESTDATA
BKCMACCT,BKCMACCT,DEFAULT
BKCMACCT,BKCMDE,DEFAULT
BKCMACCT,BKCMEACT,DEFAULT
BKCMACCT,BKCMACCT,TESTDATA
BKCMACCT,BKCMDE,TESTDATA
BKCMACCT,BKCMEACT,TESTDATA
BKCMACFC,BKCMACFC,DEFAULT
BKCMACFC,BKCMACFC,TESTDATA
BKCMACTD,BKCMACTD,DEFAULT
BKCMACTD,BKCMEACD,DEFAULT
BKCMACTD,TEMPOLD,DEFAULT
BKCMACTD,BKCMACTD,TESTDATA
BKCMACTD,BKCMEACD,TESTDATA
BKCMACTD,TEMPOLD,TESTDATA
BKCMACTF,BKCMACTF,DEFAULT
BKCMACTF,BKCMEACF,DEFAULT
BKCMACTF,BKCMACTF,TESTDATA
BKCMACTF,BKCMEACF,TESTDATA
BKCMACTH,BKCMACTH,DEFAULT
BKCMACTH,BKCMEACH,DEFAULT
BKCMACTH,BKCMACTH,TESTDATA
BKCMACTH,BKCMEACH,TESTDATA
BKCMCNTD,BKCMCNTD,DEFAULT
BKCMCNTD,BKCMCNTD,TESTDATA
BKCMCTRL,BKCMCTRL,DEFAULT
BKCMCTRL,BKCMCTRL,TESTDATA
BKCMDTCD,BKCMDTCD,DEFAULT
BKCMDTCD,BKCMDTCD,TESTDATA
BKCMDUN,BKCMDUN,DEFAULT
BKCMDUN,BKCMDUN,TESTDATA
BKCMDUNH,BKCMDUNH,DEFAULT
BKCMDUNH,BKCMDUNH,TESTDATA
BKCMFORM,BKCMFORM,DEFAULT
BKCMFORM,BKCMFORM,TESTDATA
BKCMFTME,BKCMEFTM,DEFAULT
BKCMFTME,BKCMFTME,DEFAULT
BKCMFTME,BKCMEFTM,TESTDATA
BKCMFTME,BKCMFTME,TESTDATA
BKCMHCOD,BKCMHCOD,DEFAULT
BKCMHCOD,BKCMHCOD,TESTDATA
BKCMLEAD,BKCMLEAD,DEFAULT
BKCMLEAD,BKCMLEAD,TESTDATA
BKCMMHST,BKCMMHST,DEFAULT
BKCMMHST,BKCMMHST,TESTDATA
BKCMPCFC,BKCMPCFC,DEFAULT
BKCMPCFC,BKCMPCFC,TESTDATA
BKCMPCNT,BKCMPCNT,DEFAULT
BKCMPCNT,BKCMPCNT,TESTDATA
BKCMPCTF,BKCMPCTF,DEFAULT
BKCMPCTF,BKCMPCTF,TESTDATA
BKCMPCTH,BKCMPCTH,DEFAULT
BKCMPCTH,BKCMPCTH,TESTDATA
BKCMREP,BKCMREP,DEFAULT
BKCMREP,BKCMREP,TESTDATA
BKCMSBDF,BKCMSBDF,DEFAULT
BKCMSBDF,BKCMSBDF,TESTDATA
BKCMTEMP,BKCMTEMP,DEFAULT
BKCMTEMP,BKCMTEMP,TESTDATA
BKCMTERR,BKCMTERR,DEFAULT
BKCMTERR,BKCMTERR,TESTDATA
BKCMVNDF,BKCMVNDF,DEFAULT
BKCMVNDF,BKCMVNDF,TESTDATA
BKCMVNDH,BKCMVNDH,DEFAULT
BKCMVNDH,BKCMVNDH,TESTDATA
BKCMVNFC,BKCMVNFC,DEFAULT
BKCMVNFC,BKCMVNFC,TESTDATA
BKCPEC,BKCPEC,DEFAULT
BKCPEC,BKCPEC,TESTDATA
BKCPMSTR,BKCPMSTR,DEFAULT
BKCPMSTR,BKCPMSTR,TESTDATA
BKDCCFG,BKDCCFG,DEFAULT
BKDCCFG,BKDCCFG,TESTDATA
BKDCLAB,BKDCCLAB,DEFAULT
BKDCLAB,BKDCHLAB,DEFAULT
BKDCLAB,BKDCLAB,DEFAULT
BKDCLAB,BKDCPLAB,DEFAULT
BKDCLAB,BKDCTLAB,DEFAULT
BKDCLAB,BKDCCLAB,TESTDATA
BKDCLAB,BKDCHLAB,TESTDATA
BKDCLAB,BKDCLAB,TESTDATA
BKDCLAB,BKDCPLAB,TESTDATA
BKDCLAB,BKDCTLAB,TESTDATA
BKDCSHFT,BKDCSHFT,DEFAULT
BKDCSHFT,BKDCSHFT,TESTDATA
BKEDIDUN,BKEDIDUN,DEFAULT
BKEDIDUN,BKEDIDUN,TESTDATA
BKEDMSTR,BKEDMSTR,DEFAULT
BKEDMSTR,BKEDMSTR,TESTDATA
BKEDNOTE,BKEDNOTE,DEFAULT
BKEDNOTE,BKEDNOTE,TESTDATA
BKEDPOST,BKEDPOST,DEFAULT
BKEDPOST,BKEDPOST,TESTDATA
BKESTCFG,BKESTCFG,DEFAULT
BKESTCFG,BKESTCFG,TESTDATA
BKFLDHLP,BKFLDHLP,DEFAULT
BKFLDHLP,BKFLDHLP,TESTDATA
BKFOCFG,BKFOCFG,DEFAULT
BKFOCFG,BKFOCFG,TESTDATA
BKGLCCOA,BKGLCCOA,DEFAULT
BKGLCCOA,BKGLCCOA,TESTDATA
BKGLCHK,BKGLACHK,DEFAULT
BKGLCHK,BKGLCHK,DEFAULT
BKGLCHK,BKGLICC,DEFAULT
BKGLCHK,BKGLACHK,TESTDATA
BKGLCHK,BKGLCHK,TESTDATA
BKGLCHK,BKGLICC,TESTDATA
BKGLCOA,BKGLCOA,DEFAULT
BKGLCOA,BKGLECOA,DEFAULT
BKGLCOA,BKGLFCOA,DEFAULT
BKGLCOA,EMERSNGL,DEFAULT
BKGLCOA,BKGLCOA,TESTDATA
BKGLCOA,BKGLECOA,TESTDATA
BKGLCOA,BKGLFCOA,TESTDATA
BKGLCOA,EMERSNGL,TESTDATA
BKGLFSTL,BKGLFSTL,DEFAULT
BKGLFSTL,BKGLFSTL,TESTDATA
BKGLGJLN,BKGLAGJL,DEFAULT
BKGLGJLN,BKGLGJLN,DEFAULT
BKGLGJLN,BKGLRGJL,DEFAULT
BKGLGJLN,BKGLTGJL,DEFAULT
BKGLGJLN,BKGLAGJL,TESTDATA
BKGLGJLN,BKGLGJLN,TESTDATA
BKGLGJLN,BKGLRGJL,TESTDATA
BKGLGJLN,BKGLTGJL,TESTDATA
BKGLGJRN,BKGLAGJR,DEFAULT
BKGLGJRN,BKGLGJRN,DEFAULT
BKGLGJRN,BKGLRGJR,DEFAULT
BKGLGJRN,BKGLTGJR,DEFAULT
BKGLGJRN,BKGLAGJR,TESTDATA
BKGLGJRN,BKGLGJRN,TESTDATA
BKGLGJRN,BKGLRGJR,TESTDATA
BKGLGJRN,BKGLTGJR,TESTDATA
BKGLSTMT,BKGLSTMT,DEFAULT
BKGLSTMT,BKGLSTMT,TESTDATA
BKGLTRAN,BKGLATRN,DEFAULT
BKGLTRAN,BKGLETRN,DEFAULT
BKGLTRAN,BKGLHIST,DEFAULT
BKGLTRAN,BKGLTEMP,DEFAULT
BKGLTRAN,BKGLTMP,DEFAULT
BKGLTRAN,BKGLTRAN,DEFAULT
BKGLTRAN,BKGLATRN,TESTDATA
BKGLTRAN,BKGLETRN,TESTDATA
BKGLTRAN,BKGLHIST,TESTDATA
BKGLTRAN,BKGLTEMP,TESTDATA
BKGLTRAN,BKGLTMP,TESTDATA
BKGLTRAN,BKGLTRAN,TESTDATA
BKGLX,BKGLX,DEFAULT
BKGLX,BKGLXH,DEFAULT
BKGLX,BKGLX,TESTDATA
BKGLX,BKGLXH,TESTDATA
BKICALTD,BKICALTD,DEFAULT
BKICALTD,BKICALTD,TESTDATA
BKICALTP,BKICALTP,DEFAULT
BKICALTP,BKICALTP,TESTDATA
BKICDIM,BKICDIM,DEFAULT
BKICDIM,BKICDIM,TESTDATA
BKICLOC,BKICELOC,DEFAULT
BKICLOC,BKICLOC,DEFAULT
BKICLOC,BKICELOC,TESTDATA
BKICLOC,BKICLOC,TESTDATA
BKICLOCM,BKICLOCM,DEFAULT
BKICLOCM,BKICLOCM,TESTDATA
BKICMFG,BKICMFG,DEFAULT
BKICMFG,BKICMFG,TESTDATA
BKICMSTR,BKICAMTR,DEFAULT
BKICMSTR,BKICEMTR,DEFAULT
BKICMSTR,BKICMSTR,DEFAULT
BKICMSTR,ISICADT,DEFAULT
BKICMSTR,ISICESA,DEFAULT
BKICMSTR,ISICEST,DEFAULT
BKICMSTR,ISICSTD,DEFAULT
BKICMSTR,XXICMSTR,DEFAULT
BKICMSTR,BKICAMTR,TESTDATA
BKICMSTR,BKICEMTR,TESTDATA
BKICMSTR,BKICMSTR,TESTDATA
BKICMSTR,ISICADT,TESTDATA
BKICMSTR,ISICESA,TESTDATA
BKICMSTR,ISICEST,TESTDATA
BKICMSTR,ISICSTD,TESTDATA
BKICMSTR,XXICMSTR,TESTDATA
BKICPMAT,BKICAPMA,DEFAULT
BKICPMAT,BKICPMAT,DEFAULT
BKICPMAT,DISCOUNT,DEFAULT
BKICPMAT,ISICAPMT,DEFAULT
BKICPMAT,BKICAPMA,TESTDATA
BKICPMAT,BKICPMAT,TESTDATA
BKICPMAT,DISCOUNT,TESTDATA
BKICPMAT,ISICAPMT,TESTDATA
BKICREF,BKICREF,DEFAULT
BKICREF,BKICREF,TESTDATA
BKICREQ,BKICREQ,DEFAULT
BKICREQ,BKICREQ,TESTDATA
BKICTAX,BKICTAX,DEFAULT
BKICTAX,BKICTAX,TESTDATA
BKICVAL,BKICVAL,DEFAULT
BKICVAL,BKICVAL,TESTDATA
BKISTAX,BKISHTAX,DEFAULT
BKISTAX,BKISTAX,DEFAULT
BKISTAX,ISISATAX,DEFAULT
BKISTAX,BKISHTAX,TESTDATA
BKISTAX,BKISTAX,TESTDATA
BKISTAX,ISISATAX,TESTDATA
BKLOGON,BKLOGON,DEFAULT
BKLOGON,BKLOGON,TESTDATA
BKMATCST,BKMATCST,DEFAULT
BKMATCST,BKMATCST,TESTDATA
BKMATRIM,BKMATRIM,DEFAULT
BKMATRIM,BKMATRIM,TESTDATA
BKMRPFC,BKMRPFC,DEFAULT
BKMRPFC,ISAMRPF,DEFAULT
BKMRPFC,ISMRPFC,DEFAULT
BKMRPFC,ISSLSFC,DEFAULT
BKMRPFC,BKMRPFC,TESTDATA
BKMRPFC,ISAMRPF,TESTDATA
BKMRPFC,ISMRPFC,TESTDATA
BKMRPFC,ISSLSFC,TESTDATA
BKMRPPO,BKMRPPO,DEFAULT
BKMRPPO,BKSOPO,DEFAULT
BKMRPPO,BKWOPO,DEFAULT
BKMRPPO,ISESTPO,DEFAULT
BKMRPPO,BKMRPPO,TESTDATA
BKMRPPO,BKSOPO,TESTDATA
BKMRPPO,BKWOPO,TESTDATA
BKMRPPO,ISESTPO,TESTDATA
BKMRPSW,BKMRPSW,DEFAULT
BKMRPSW,BKMRPSW,TESTDATA
BKPCKIT,BKPCKIT,DEFAULT
BKPCKIT,BKPCKIT,TESTDATA
BKPCPLOT,BKPCPLOT,DEFAULT
BKPCPLOT,BKPCPLOT,TESTDATA
BKPIFROZ,BKPIFROZ,DEFAULT
BKPIFROZ,BKPIFROZ,TESTDATA
BKPILOT,BKPILCNT,DEFAULT
BKPILOT,BKPILOT,DEFAULT
BKPILOT,BKPILCNT,TESTDATA
BKPILOT,BKPILOT,TESTDATA
BKPIMSTR,BKPIMSTR,DEFAULT
BKPIMSTR,BKPIMSTR,TESTDATA
BKPIPHYS,BKPIPHYS,DEFAULT
BKPIPHYS,BKPIPHYS,TESTDATA
BKPISER,BKPISCNT,DEFAULT
BKPISER,BKPISER,DEFAULT
BKPISER,BKPISCNT,TESTDATA
BKPISER,BKPISER,TESTDATA
BKPOX,BKPOX,DEFAULT
BKPOX,BKPOXH,DEFAULT
BKPOX,BKPOX,TESTDATA
BKPOX,BKPOXH,TESTDATA
BKPRAGNT,BKPRAGNT,DEFAULT
BKPRAGNT,BKPRAGNT,TESTDATA
BKPRCOMM,BKPRACOM,DEFAULT
BKPRCOMM,BKPRCOMM,DEFAULT
BKPRCOMM,BKPRHCOM,DEFAULT
BKPRCOMM,BKPRACOM,TESTDATA
BKPRCOMM,BKPRCOMM,TESTDATA
BKPRCOMM,BKPRHCOM,TESTDATA
BKPRCURP,BKPRCURP,DEFAULT
BKPRCURP,BKPRHIST,DEFAULT
BKPRCURP,ISPRAHST,DEFAULT
BKPRCURP,BKPRCURP,TESTDATA
BKPRCURP,BKPRHIST,TESTDATA
BKPRCURP,ISPRAHST,TESTDATA
BKPRFTAX,BKPRFTAX,DEFAULT
BKPRFTAX,BKPRFTAX,TESTDATA
BKPRGLFL,BKPRGLFL,DEFAULT
BKPRGLFL,BKPRGLFL,TESTDATA
BKPRINFO,BKPRINFO,DEFAULT
BKPRINFO,ISPRAINF,DEFAULT
BKPRINFO,BKPRINFO,TESTDATA
BKPRINFO,ISPRAINF,TESTDATA
BKPRMSTR,BKPRMSTR,DEFAULT
BKPRMSTR,ISPRAMST,DEFAULT
BKPRMSTR,ISPRMSTR,DEFAULT
BKPRMSTR,BKPRMSTR,TESTDATA
BKPRMSTR,ISPRAMST,TESTDATA
BKPRMSTR,ISPRMSTR,TESTDATA
BKPRSALE,BKPRBOOK,DEFAULT
BKPRSALE,BKPRSALE,DEFAULT
BKPRSALE,ISPRSALE,DEFAULT
BKPRSALE,BKPRBOOK,TESTDATA
BKPRSALE,BKPRSALE,TESTDATA
BKPRSALE,ISPRSALE,TESTDATA
BKPRSTFL,BKPRSTFL,DEFAULT
BKPRSTFL,BKPRSTFL,TESTDATA
BKPRTC,BKPRTC,DEFAULT
BKPRTC,BKPRTC,TESTDATA
BKPRTCFG,BKPRTCFG,DEFAULT
BKPRTCFG,BKPRTCFG,TESTDATA
BKPSUSER,BKPSUSER,DEFAULT
BKPSUSER,BKPSUSER,TESTDATA
BKQCMSTR,BKQCMSTR,DEFAULT
BKQCMSTR,ISQCAMST,DEFAULT
BKQCMSTR,BKQCMSTR,TESTDATA
BKQCMSTR,ISQCAMST,TESTDATA
BKQCTRAN,BKQCTRAN,DEFAULT
BKQCTRAN,ISQCATRN,DEFAULT
BKQCTRAN,BKQCTRAN,TESTDATA
BKQCTRAN,ISQCATRN,TESTDATA
BKRFQ,BKAPQUOT,DEFAULT
BKRFQ,BKRFQ,DEFAULT
BKRFQ,ISAPHQT,DEFAULT
BKRFQ,ISAPQTQT,DEFAULT
BKRFQ,ISARFQ,DEFAULT
BKRFQ,BKAPQUOT,TESTDATA
BKRFQ,BKRFQ,TESTDATA
BKRFQ,ISAPHQT,TESTDATA
BKRFQ,ISAPQTQT,TESTDATA
BKRFQ,ISARFQ,TESTDATA
BKRTCST,BKRTCST,DEFAULT
BKRTCST,BKRTCST,TESTDATA
BKRTSPEC,BKRTSPEC,DEFAULT
BKRTSPEC,BKRTSPEC,TESTDATA
BKRTTEMP,BKRTTEMP,DEFAULT
BKRTTEMP,BKRTTEMP,TESTDATA
BKSAREPT,BKSAREPT,DEFAULT
BKSAREPT,BKSAREPT,TESTDATA
BKSBMFG,BKSBMFG,DEFAULT
BKSBMFG,BKSBMFG,TESTDATA
BKSBPART,BKSBPART,DEFAULT
BKSBPART,BKSBPART,TESTDATA
BKSBVEND,BKSBVEND,DEFAULT
BKSBVEND,BKSBVEND,TESTDATA
BKSHORT,BKSHORT,DEFAULT
BKSHORT,BKSHORT,TESTDATA
BKSLEVEL,BKSLEVEL,DEFAULT
BKSLEVEL,BKSLEVEL,TESTDATA
BKSLMSTR,BKSLMSTR,DEFAULT
BKSLMSTR,BKSLMSTR,TESTDATA
BKSOLOCK,BKSOLOCK,DEFAULT
BKSOLOCK,BKSOLOCK,TESTDATA
BKSOX,BKSOX,DEFAULT
BKSOX,BKSOXH,DEFAULT
BKSOX,BKSOX,TESTDATA
BKSOX,BKSOXH,TESTDATA
BKSYAP,BKSYAP,DEFAULT
BKSYAP,BKSYAP,TESTDATA
BKSYAR,BKSYAR,DEFAULT
BKSYAR,BKSYAR,TESTDATA
BKSYCFG,BKSYCFG,DEFAULT
BKSYCFG,BKSYCFG,TESTDATA
BKSYHELP,BKSYHELP,DEFAULT
BKSYHELP,BKSYHELP,TESTDATA
BKSYLOG,BKSYLOG,DEFAULT
BKSYLOG,BKSYLOG,TESTDATA
BKSYMSTR,BKSYMSTR,DEFAULT
BKSYMSTR,BKSYMSTR,TESTDATA
BKSYPRTR,BKSYPRTR,DEFAULT
BKSYPRTR,BKSYPRTR,TESTDATA
BKSYUSER,BKSYUSER,DEFAULT
BKSYUSER,BKSYUSER,TESTDATA
BKUMSRTY,BKUMSRTY,DEFAULT
BKUMSRTY,BKUMSRTY,TESTDATA
BKUPDATE,BKUPDATE,DEFAULT
BKUPDATE,BKUPDATE,TESTDATA
BKYSMSTR,BKYSMSTR,DEFAULT
BKYSMSTR,BKYSMSTR,TESTDATA
BOMCHG,BOMCHG,DEFAULT
BOMCHG,BOMCHG,TESTDATA
BTRVFILE,BTRVFILE,DEFAULT
BTRVFILE,BTRVFILE,TESTDATA
BUCKETS,BUCKETS,DEFAULT
BUCKETS,BUCKETS,TESTDATA
CALENDAR,CALENDAR,DEFAULT
CALENDAR,CALENDAR,TESTDATA
CALTEMP,CALTEMP,DEFAULT
CALTEMP,CALTEMP,TESTDATA
CCEDIXRF,CCEDIXRF,DEFAULT
CCEDIXRF,CCEDIXRF,TESTDATA
CLASMSTR,CLASMSTR,DEFAULT
CLASMSTR,CUSTCLAS,DEFAULT
CLASMSTR,CLASMSTR,TESTDATA
CLASMSTR,CUSTCLAS,TESTDATA
CLASS,CLASS,DEFAULT
CLASS,CLASS,TESTDATA
CMPDFLT,CMPDFLT,DEFAULT
CMPDFLT,CMPDFLT,TESTDATA
DBACNAME,DBACNAME,DEFAULT
DBACNAME,DBACNAME,TESTDATA
DBAFIFO,DBAFIFO,DEFAULT
DBAFIFO,DBAFIFO,TESTDATA
DBAHELP,DBAHELP,DEFAULT
DBAHELP,USERHELP,DEFAULT
DBAHELP,DBAHELP,TESTDATA
DBAHELP,USERHELP,TESTDATA
DBAHLPID,DBAHLPID,DEFAULT
DBAHLPID,EVOHLPID,DEFAULT
DBAHLPID,DBAHLPID,TESTDATA
DBALOC,DBALOC,DEFAULT
DBALOC,DBALOC,TESTDATA
DBAMAIMN,DBAMAIMN,DEFAULT
DBAMAIMN,DBAMAIMN,TESTDATA
DBAMODUL,DBAMODUL,DEFAULT
DBAMODUL,DBAMODUL,TESTDATA
DBAUSRMN,DBAUSRMN,DEFAULT
DBAUSRMN,DBAUSRMN,TESTDATA
DCBUFFER,DCBUFFER,DEFAULT
DCBUFFER,DCBUFFER,TESTDATA
DEFAULTS,DEFAULTS,DEFAULT
DEFAULTS,DEFAULTS,TESTDATA
DPTMENT,DPTMENT,DEFAULT
DPTMENT,DPTMENT,TESTDATA
EIMCOLST,EIMCOLST,DEFAULT
EIMCOLST,EIMCOLST,TESTDATA
ERRMSG,ERRMSG,DEFAULT
ERRMSG,ERRMSG,TESTDATA
ESTCHGS,ESTCHGS,DEFAULT
ESTCHGS,ESTCHGS,TESTDATA
ESTMAT,ESTMAT,DEFAULT
ESTMAT,ESTMAT,TESTDATA
ESTROUT,ESTROUT,DEFAULT
ESTROUT,ESTROUT,TESTDATA
ESTSUM,ESTSUM,DEFAULT
ESTSUM,ISESTASM,DEFAULT
ESTSUM,ESTSUM,TESTDATA
ESTSUM,ISESTASM,TESTDATA
FIELDS,FIELDS,DEFAULT
FIELDS,FIELDS,TESTDATA
FILEDICT,CHECK,DEFAULT
FILEDICT,FDHLDR,DEFAULT
FILEDICT,CHECK,TESTDATA
HELPURL,HELPURL,DEFAULT
HELPURL,HELPURL,TESTDATA
INVTXN,INVATXN,DEFAULT
INVTXN,INVETXN,DEFAULT
INVTXN,INVTXN,DEFAULT
INVTXN,INVATXN,TESTDATA
INVTXN,INVETXN,TESTDATA
INVTXN,INVTXN,TESTDATA
ISACTION,ISACTION,DEFAULT
ISACTION,ISACTION,TESTDATA
ISAPCHG,ISAPCHG,DEFAULT
ISAPCHG,ISAPHCHG,DEFAULT
ISAPCHG,ISAPCHG,TESTDATA
ISAPCHG,ISAPHCHG,TESTDATA
ISAPEX,ISAPEX,DEFAULT
ISAPEX,ISAPEX,TESTDATA
ISAPPROJ,ISAPPROJ,DEFAULT
ISAPPROJ,ISAPPROJ,TESTDATA
ISAPQPO,ISAPQPO,DEFAULT
ISAPQPO,ISAPQPO,TESTDATA
ISARCHG,ISARACHG,DEFAULT
ISARCHG,ISARCHG,DEFAULT
ISARCHG,ISARECHG,DEFAULT
ISARCHG,ISARHCHG,DEFAULT
ISARCHG,ISARICHG,DEFAULT
ISARCHG,ISARMCHG,DEFAULT
ISARCHG,ISARQCHG,DEFAULT
ISARCHG,ISARRCHG,DEFAULT
ISARCHG,ISARSCGH,DEFAULT
ISARCHG,ISARACHG,TESTDATA
ISARCHG,ISARCHG,TESTDATA
ISARCHG,ISARECHG,TESTDATA
ISARCHG,ISARHCHG,TESTDATA
ISARCHG,ISARICHG,TESTDATA
ISARCHG,ISARMCHG,TESTDATA
ISARCHG,ISARQCHG,TESTDATA
ISARCHG,ISARRCHG,TESTDATA
ISARCHG,ISARSCGH,TESTDATA
ISAREX,ISAREX,DEFAULT
ISAREX,ISAREX,TESTDATA
ISARINVX,ISARINVX,DEFAULT
ISARINVX,ISARINVX,TESTDATA
ISARJDLP,ISARHJDL,DEFAULT
ISARJDLP,ISARJDLP,DEFAULT
ISARJDLP,ISARHJDL,TESTDATA
ISARJDLP,ISARJDLP,TESTDATA
ISARTXNB,ISARTXNB,DEFAULT
ISARTXNB,ISARTXNB,TESTDATA
ISAUTODC,ISAUTODC,DEFAULT
ISAUTODC,ISAUTODC,TESTDATA
ISBANKS,ISBANKS,DEFAULT
ISBANKS,ISBANKS,TESTDATA
ISBILLSH,ISBILLSH,DEFAULT
ISBILLSH,ISBILLSH,TESTDATA
ISBINLOC,ISBINLOC,DEFAULT
ISBINLOC,ISBINLOC,TESTDATA
ISBINLOT,ISBINLOT,DEFAULT
ISBINLOT,ISBINLOT,TESTDATA
ISBNMSTR,ISBNMSTR,DEFAULT
ISBNMSTR,ISBNMSTR,TESTDATA
ISBROKER,ISBROKER,DEFAULT
ISBROKER,ISBROKER,TESTDATA
ISBSF,ISBSF,DEFAULT
ISBSF,ISJBSF,DEFAULT
ISBSF,ISBSF,TESTDATA
ISBSF,ISJBSF,TESTDATA
ISBUILD,ISBUILD,DEFAULT
ISBUILD,ISBUILD,TESTDATA
ISCACT,ISCACT,DEFAULT
ISCACT,ISCACT,TESTDATA
ISCARDTE,ISCARDTE,DEFAULT
ISCARDTE,ISCARDTE,TESTDATA
ISCARFUP,ISACARFU,DEFAULT
ISCARFUP,ISCARFUP,DEFAULT
ISCARFUP,ISACARFU,TESTDATA
ISCARFUP,ISCARFUP,TESTDATA
ISCATMST,ISCATMST,DEFAULT
ISCATMST,ISQTCODE,DEFAULT
ISCATMST,ISCATMST,TESTDATA
ISCATMST,ISQTCODE,TESTDATA
ISCC,ISCC,DEFAULT
ISCC,ISCC,TESTDATA
ISCCBTXN,ISCCBTXN,DEFAULT
ISCCBTXN,ISCCBTXN,TESTDATA
ISCCICM,ISCCICM,DEFAULT
ISCCICM,ISCCICM,TESTDATA
ISCCMTF,ISCCMTF,DEFAULT
ISCCMTF,ISCMGRP,DEFAULT
ISCCMTF,ISCCMTF,TESTDATA
ISCCMTF,ISCMGRP,TESTDATA
ISCHAINM,ISCHAIN,DEFAULT
ISCHAINM,ISCHAINM,DEFAULT
ISCHAINM,ISCHAIN,TESTDATA
ISCHAINM,ISCHAINM,TESTDATA
ISCONVRT,ISCONVRT,DEFAULT
ISCONVRT,ISCONVRT,TESTDATA
ISCRISLS,ISCRISLS,DEFAULT
ISCRISLS,ISCRISLS,TESTDATA
ISCTEAM,ISCTEAM,DEFAULT
ISCTEAM,ISCTEAM,TESTDATA
ISCTREVU,ISCTREVU,DEFAULT
ISCTREVU,ISCTREVU,TESTDATA
ISCYCLCD,ISCYCLCD,DEFAULT
ISCYCLCD,ISCYCLCD,TESTDATA
ISDCSER,ISDCSER,DEFAULT
ISDCSER,ISDCSER,TESTDATA
ISDEFECT,ISDEFECT,DEFAULT
ISDEFECT,ISDEFECT,TESTDATA
ISDEPT,ISDEPT,DEFAULT
ISDEPT,ISDEPT,TESTDATA
ISDIGSIG,ISDIGSIG,DEFAULT
ISDIGSIG,ISDIGSIG,TESTDATA
ISDIV,ISDIV,DEFAULT
ISDIV,ISDIV,TESTDATA
ISDRILL,ISDRILL,DEFAULT
ISDRILL,ISDRILL,TESTDATA
ISDRILLM,ISDRILLM,DEFAULT
ISDRILLM,ISDRILLM,TESTDATA
ISDROP,ISDROP,DEFAULT
ISDROP,ISDROP,TESTDATA
ISDUTY,ISDUTY,DEFAULT
ISDUTY,ISDUTY,TESTDATA
ISEAB,ISEAB,DEFAULT
ISEAB,ISEAB,TESTDATA
ISECO,ISECO,DEFAULT
ISECO,ISECO,TESTDATA
ISESTDTL,ISESADTL,DEFAULT
ISESTDTL,ISESTDTL,DEFAULT
ISESTDTL,ISESADTL,TESTDATA
ISESTDTL,ISESTDTL,TESTDATA
ISFIELDS,ISFIELDS,DEFAULT
ISFIELDS,ISFIELDS,TESTDATA
ISFOBMRM,ISFOBMRM,DEFAULT
ISFOBMRM,ISFOBMRM,TESTDATA
ISFOHEAD,ISFOHEAD,DEFAULT
ISFOHEAD,ISFOHEAD,TESTDATA
ISFOHIST,ISFOHIST,DEFAULT
ISFOHIST,ISFOHIST,TESTDATA
ISFOLINE,ISFOLINE,DEFAULT
ISFOLINE,ISFOLINE,TESTDATA
ISFOORDL,ISFOORDL,DEFAULT
ISFOORDL,ISFOORDL,TESTDATA
ISFSCLAS,ISFSCLAS,DEFAULT
ISFSCLAS,ISFSEMP,DEFAULT
ISFSCLAS,ISFSCLAS,TESTDATA
ISFSCLAS,ISFSEMP,TESTDATA
ISFSINFO,ISFSINFO,DEFAULT
ISFSINFO,ISFSINFO,TESTDATA
ISFUTYPE,ISFUTYPE,DEFAULT
ISFUTYPE,ISFUTYPE,TESTDATA
ISFXASST,ISFXASST,DEFAULT
ISFXASST,ISFXASST,TESTDATA
ISFXATRN,ISFXATRN,DEFAULT
ISFXATRN,ISFXATRN,TESTDATA
ISGLCOA,ISGLBDGT,DEFAULT
ISGLCOA,ISGLCOA,DEFAULT
ISGLCOA,ISGLFCOA,DEFAULT
ISGLCOA,ISGLBDGT,TESTDATA
ISGLCOA,ISGLCOA,TESTDATA
ISGLCOA,ISGLFCOA,TESTDATA
ISGLDATE,ISGLDATE,DEFAULT
ISGLDATE,ISGLHDAT,DEFAULT
ISGLDATE,ISGLDATE,TESTDATA
ISGLDATE,ISGLHDAT,TESTDATA
ISGLNBGT,ISGLNBGT,DEFAULT
ISGLNBGT,ISGLNBGT,TESTDATA
ISICMSTR,ISICAMTR,DEFAULT
ISICMSTR,ISICMSTR,DEFAULT
ISICMSTR,ISICAMTR,TESTDATA
ISICMSTR,ISICMSTR,TESTDATA
ISIS,ISIS,DEFAULT
ISIS,ISIS,TESTDATA
ISITP,ISITP,DEFAULT
ISITP,ISITP,TESTDATA
ISJAVA,ISJAVA,DEFAULT
ISJAVA,ISJAVA,TESTDATA
ISJOB,ISJOB,DEFAULT
ISJOB,ISJOB,TESTDATA
ISLANDF,ISLANDF,DEFAULT
ISLANDF,ISLANDF,TESTDATA
ISLBLMAP,ISLBLMAP,DEFAULT
ISLBLMAP,ISLBLMAP,TESTDATA
ISLINKS,ISALINKS,DEFAULT
ISLINKS,ISLINKS,DEFAULT
ISLINKS,ISALINKS,TESTDATA
ISLINKS,ISLINKS,TESTDATA
ISLOCCST,ISLOCCST,DEFAULT
ISLOCCST,ISLOCCST,TESTDATA
ISLOG,ISLOG,DEFAULT
ISLOG,ISLOG,TESTDATA
ISLSMAP,ISLSMAP,DEFAULT
ISLSMAP,ISLSMAP,TESTDATA
ISLTYPE,ISLTYPE,DEFAULT
ISLTYPE,ISLTYPE,TESTDATA
ISMACS,ISMACS,DEFAULT
ISMACS,ISMACS,TESTDATA
ISMCF,ISMCF,DEFAULT
ISMCF,ISMCF,TESTDATA
ISMCR,ISMCR,DEFAULT
ISMCR,ISMCR,TESTDATA
ISNCR,ISACAR,DEFAULT
ISNCR,ISANCR,DEFAULT
ISNCR,ISCAR,DEFAULT
ISNCR,ISNCR,DEFAULT
ISNCR,ISACAR,TESTDATA
ISNCR,ISANCR,TESTDATA
ISNCR,ISCAR,TESTDATA
ISNCR,ISNCR,TESTDATA
ISNCRLNS,ISNCRLNS,DEFAULT
ISNCRLNS,ISNCRLNS,TESTDATA
ISNOTES,ISANOTES,DEFAULT
ISNOTES,ISNOTES,DEFAULT
ISNOTES,ISSNOTES,DEFAULT
ISNOTES,ISANOTES,TESTDATA
ISNOTES,ISNOTES,TESTDATA
ISNOTES,ISSNOTES,TESTDATA
ISNTYPE,ISNTYPE,DEFAULT
ISNTYPE,ISNTYPE,TESTDATA
ISNUMBER,ISNUMBER,DEFAULT
ISNUMBER,ISNUMBER,TESTDATA
ISORDDSC,ISORDDSC,DEFAULT
ISORDDSC,ISPODESC,DEFAULT
ISORDDSC,ISORDDSC,TESTDATA
ISORDDSC,ISPODESC,TESTDATA
ISORDECO,ISORDECO,DEFAULT
ISORDECO,ISORDECO,TESTDATA
ISPOLOG,ISPOLOG,DEFAULT
ISPOLOG,ISPOLOG,TESTDATA
ISPOTRK,ISPOHTRK,DEFAULT
ISPOTRK,ISPOTRK,DEFAULT
ISPOTRK,ISPOHTRK,TESTDATA
ISPOTRK,ISPOTRK,TESTDATA
ISPRCONS,ISPRACON,DEFAULT
ISPRCONS,ISPRCONS,DEFAULT
ISPRCONS,ISPRACON,TESTDATA
ISPRCONS,ISPRCONS,TESTDATA
ISPREQ,ISPREQ,DEFAULT
ISPREQ,ISPREQ,TESTDATA
ISPRESN,ISPRESN,DEFAULT
ISPRESN,ISPRESN,TESTDATA
ISPRINFO,ISPRINFO,DEFAULT
ISPRINFO,ISPRINFO,TESTDATA
ISPRTEMP,ISPRTEMP,DEFAULT
ISPRTEMP,ISPRTEMP,TESTDATA
ISPRUDD,ISPRUDD,DEFAULT
ISPRUDD,ISPRUDD,TESTDATA
ISPRUDF,ISPRUDF,DEFAULT
ISPRUDF,ISPRUDF,TESTDATA
ISPRUDIV,ISPRUDIV,DEFAULT
ISPRUDIV,ISPRUDIV,TESTDATA
ISQCMTHD,ISQCMTHD,DEFAULT
ISQCMTHD,ISQCMTHD,TESTDATA
ISQCSPEC,ISQCRSLT,DEFAULT
ISQCSPEC,ISQCSPEC,DEFAULT
ISQCSPEC,ISQCRSLT,TESTDATA
ISQCSPEC,ISQCSPEC,TESTDATA
ISQRYSQL,ISQRYSQL,DEFAULT
ISQRYSQL,ISQRYSQL,TESTDATA
ISQSOA,ISQSOA,DEFAULT
ISQSOA,ISQSOA,TESTDATA
ISREMIND,ISAREMND,DEFAULT
ISREMIND,ISREMIND,DEFAULT
ISREMIND,ISAREMND,TESTDATA
ISREMIND,ISREMIND,TESTDATA
ISREPDEF,ISREPDEF,DEFAULT
ISREPDEF,ISREPDEF,TESTDATA
ISREPLNK,ISREPLNK,DEFAULT
ISREPLNK,ISREPLNK,TESTDATA
ISREPORD,ISREPORD,DEFAULT
ISREPORD,ISREPORD,TESTDATA
ISRMAC,ISRMAC,DEFAULT
ISRMAC,ISRMAC,TESTDATA
ISRMAI,ISRMAAI,DEFAULT
ISRMAI,ISRMAI,DEFAULT
ISRMAI,ISRMAAI,TESTDATA
ISRMAI,ISRMAI,TESTDATA
ISROUTEX,ISROUTEX,DEFAULT
ISROUTEX,ISROUTEX,TESTDATA
ISRTLOAD,ISRTLOAD,DEFAULT
ISRTLOAD,ISRTLOAD,TESTDATA
ISRTMS,ISRTMS,DEFAULT
ISRTMS,ISRTMS,TESTDATA
ISSCHED,ISESCHED,DEFAULT
ISSCHED,ISSCHED,DEFAULT
ISSCHED,ISESCHED,TESTDATA
ISSCHED,ISSCHED,TESTDATA
ISSCOMP,ISSCOMP,DEFAULT
ISSCOMP,ISSCOMP,TESTDATA
ISSDET,ISSDET,DEFAULT
ISSDET,ISSDET,TESTDATA
ISSEPROC,ISSEPROC,DEFAULT
ISSEPROC,ISSEPROC,TESTDATA
ISSEQUIP,ISSEQUIP,DEFAULT
ISSEQUIP,ISSEQUIP,TESTDATA
ISSERCNT,ISITMCFG,DEFAULT
ISSERCNT,ISSERCNT,DEFAULT
ISSERCNT,ISITMCFG,TESTDATA
ISSERCNT,ISSERCNT,TESTDATA
ISSERIAL,ISHLOTS,DEFAULT
ISSERIAL,ISHSERIA,DEFAULT
ISSERIAL,ISLOTS,DEFAULT
ISSERIAL,ISSERIAL,DEFAULT
ISSERIAL,ISHLOTS,TESTDATA
ISSERIAL,ISHSERIA,TESTDATA
ISSERIAL,ISLOTS,TESTDATA
ISSERIAL,ISSERIAL,TESTDATA
ISSERR,ISSERR,DEFAULT
ISSERR,ISSERR,TESTDATA
ISSETYPE,ISSETYPE,DEFAULT
ISSETYPE,ISSETYPE,TESTDATA
ISSHIPA,ISSHIPA,DEFAULT
ISSHIPA,ISSHIPA,TESTDATA
ISSHIPCO,ISSHIPCO,DEFAULT
ISSHIPCO,ISSHIPCO,TESTDATA
ISSHPVIA,ISSHPVIA,DEFAULT
ISSHPVIA,ISSHPVIA,TESTDATA
ISSIGN,ISASIGN,DEFAULT
ISSIGN,ISSIGN,DEFAULT
ISSIGN,ISASIGN,TESTDATA
ISSIGN,ISSIGN,TESTDATA
ISSMTCFG,ISSMTCFG,DEFAULT
ISSMTCFG,ISSMTCFG,TESTDATA
ISSOBOX,ISBOLMS,DEFAULT
ISSOBOX,ISPOBOX,DEFAULT
ISSOBOX,ISSOABOX,DEFAULT
ISSOBOX,ISSOAHBX,DEFAULT
ISSOBOX,ISSOBOX,DEFAULT
ISSOBOX,ISSOHBOX,DEFAULT
ISSOBOX,ISBOLMS,TESTDATA
ISSOBOX,ISPOBOX,TESTDATA
ISSOBOX,ISSOABOX,TESTDATA
ISSOBOX,ISSOAHBX,TESTDATA
ISSOBOX,ISSOBOX,TESTDATA
ISSOBOX,ISSOHBOX,TESTDATA
ISSOREVU,ISSOREVU,DEFAULT
ISSOREVU,ISSOREVU,TESTDATA
ISSPC,ISSPC,DEFAULT
ISSPC,ISSPC,TESTDATA
ISSRINFO,ISBTCSB,DEFAULT
ISSRINFO,ISEDINFO,DEFAULT
ISSRINFO,ISQTINFO,DEFAULT
ISSRINFO,ISRMAINF,DEFAULT
ISSRINFO,ISRMHINF,DEFAULT
ISSRINFO,ISRMINFO,DEFAULT
ISSRINFO,ISSOAINF,DEFAULT
ISSRINFO,ISSOHINF,DEFAULT
ISSRINFO,ISSOINFO,DEFAULT
ISSRINFO,ISSRAINF,DEFAULT
ISSRINFO,ISSRHINF,DEFAULT
ISSRINFO,ISSRINFO,DEFAULT
ISSRINFO,ISBTCSB,TESTDATA
ISSRINFO,ISEDINFO,TESTDATA
ISSRINFO,ISQTINFO,TESTDATA
ISSRINFO,ISRMAINF,TESTDATA
ISSRINFO,ISRMHINF,TESTDATA
ISSRINFO,ISRMINFO,TESTDATA
ISSRINFO,ISSOAINF,TESTDATA
ISSRINFO,ISSOHINF,TESTDATA
ISSRINFO,ISSOINFO,TESTDATA
ISSRINFO,ISSRAINF,TESTDATA
ISSRINFO,ISSRHINF,TESTDATA
ISSRINFO,ISSRINFO,TESTDATA
ISSRMMS,ISSRAMMS,DEFAULT
ISSRMMS,ISSRMMS,DEFAULT
ISSRMMS,ISSRAMMS,TESTDATA
ISSRMMS,ISSRMMS,TESTDATA
ISSTRACK,ISSTRACK,DEFAULT
ISSTRACK,ISSTRACK,TESTDATA
ISSTYPE,ISSTEQUI,DEFAULT
ISSTYPE,ISSTTYPE,DEFAULT
ISSTYPE,ISSTYPE,DEFAULT
ISSTYPE,ISSTEQUI,TESTDATA
ISSTYPE,ISSTTYPE,TESTDATA
ISSTYPE,ISSTYPE,TESTDATA
ISTAXFIL,ISTAXFIL,DEFAULT
ISTAXFIL,ISTAXFIL,TESTDATA
ISTAXGRP,ISTAXGRP,DEFAULT
ISTAXGRP,ISTAXGRP,TESTDATA
ISTERMS,ISTERMS,DEFAULT
ISTERMS,ISTERMS,TESTDATA
ISTOOLOG,ISTOOLOG,DEFAULT
ISTOOLOG,ISTOOLOG,TESTDATA
ISTRIGRS,ISTRIGRS,DEFAULT
ISTRIGRS,ISTRIGRS,TESTDATA
ISUDFINV,ISUDFINV,DEFAULT
ISUDFINV,ISUDFINV,TESTDATA
ISUDMSTR,ISUDMSTR,DEFAULT
ISUDMSTR,ISUDMSTR,TESTDATA
ISUSAGE,ISUSAGE,DEFAULT
ISUSAGE,ISUSAGE,TESTDATA
ISVAR,ISVAR,DEFAULT
ISVAR,ISVAR,TESTDATA
ISVARSQL,ISVARSQL,DEFAULT
ISVARSQL,ISVARSQL,TESTDATA
ISVNDADT,ISVNDADT,DEFAULT
ISVNDADT,ISVNDADT,TESTDATA
ISWOCLOG,ISWOCLOG,DEFAULT
ISWOCLOG,ISWOCLOG,TESTDATA
ISWOEX,ISWOEX,DEFAULT
ISWOEX,ISWOHEX,DEFAULT
ISWOEX,ISWOEX,TESTDATA
ISWOEX,ISWOHEX,TESTDATA
ISWOPRIO,ISWOPRIO,DEFAULT
ISWOPRIO,ISWOPRIO,TESTDATA
ISWOQUE,ISWOQUE,DEFAULT
ISWOQUE,ISWOQUE,TESTDATA
ISWOROEX,ISWOROEX,DEFAULT
ISWOROEX,ISWROHEX,DEFAULT
ISWOROEX,ISWOROEX,TESTDATA
ISWOROEX,ISWROHEX,TESTDATA
ISWOTRAY,ISWOBINS,DEFAULT
ISWOTRAY,ISWOTRAY,DEFAULT
ISWOTRAY,ISWOBINS,TESTDATA
ISWOTRAY,ISWOTRAY,TESTDATA
JGPITEMS,JGPITEMS,DEFAULT
JGPITEMS,JGPITEMS,TESTDATA
JSPCNLCD,JSPCNLCD,DEFAULT
JSPCNLCD,JSPCNLCD,TESTDATA
JSPCNLSO,JSPCNLSO,DEFAULT
JSPCNLSO,JSPCNLSO,TESTDATA
LANGDICT,LANGDICT,DEFAULT
LANGDICT,LANGDICT,TESTDATA
LOT,ISALOT,DEFAULT
LOT,LOT,DEFAULT
LOT,ISALOT,TESTDATA
LOT,LOT,TESTDATA
MACHINE,MACHINE,DEFAULT
MACHINE,MACHINE,TESTDATA
MEMORY,MEMORY,DEFAULT
MENUFILE,MENUFILE,DEFAULT
MENUFILE,MENUFILE,TESTDATA
MKAHIST,MKAHIST,DEFAULT
MKAHIST,MKAHIST,TESTDATA
MKASSIGN,MKASSIGN,DEFAULT
MKASSIGN,MKASSIGN,TESTDATA
MKDEF,MKDEF,DEFAULT
MKDEF,MKDEF,TESTDATA
MKECLASS,MKECLASS,DEFAULT
MKECLASS,MKICLASS,DEFAULT
MKECLASS,MKECLASS,TESTDATA
MKECLASS,MKICLASS,TESTDATA
MKEVENT,MKEVENT,DEFAULT
MKEVENT,MKEVENT,TESTDATA
MKFORM,MKFORM,DEFAULT
MKFORM,MKFORM,TESTDATA
MKTCLASS,MKTCLASS,DEFAULT
MKTCLASS,MKTCLASS,TESTDATA
MKTNOTE,MKTNOTE,DEFAULT
MKTNOTE,MKTNOTE,TESTDATA
MKTRACK,MKTRACK,DEFAULT
MKTRACK,MKTRACK,TESTDATA
MKTROUT,MKTROUT,DEFAULT
MKTROUT,MKTROUT,TESTDATA
MTEXCHG,MTEXCHG,DEFAULT
MTEXCHG,MTEXCHG,TESTDATA
MTICMSTR,ISMICADT,DEFAULT
MTICMSTR,ISMICESA,DEFAULT
MTICMSTR,ISMICEST,DEFAULT
MTICMSTR,ISMICSTD,DEFAULT
MTICMSTR,MTICAMTR,DEFAULT
MTICMSTR,MTICEMTR,DEFAULT
MTICMSTR,MTICMSTR,DEFAULT
MTICMSTR,MTINVDEF,DEFAULT
MTICMSTR,ISMICADT,TESTDATA
MTICMSTR,ISMICESA,TESTDATA
MTICMSTR,ISMICEST,TESTDATA
MTICMSTR,ISMICSTD,TESTDATA
MTICMSTR,MTICAMTR,TESTDATA
MTICMSTR,MTICEMTR,TESTDATA
MTICMSTR,MTICMSTR,TESTDATA
MTICMSTR,MTINVDEF,TESTDATA
MTMRP,ISMRPOLD,DEFAULT
MTMRP,MTMRP,DEFAULT
MTMRP,ISMRPOLD,TESTDATA
MTMRP,MTMRP,TESTDATA
MWOPTEMP,MWOPTEMP,DEFAULT
MWOPTEMP,MWOPTEMP,TESTDATA
NZITPRE,NZITPRE,DEFAULT
NZITPRE,NZITPRE,TESTDATA
OPQCDESC,OPQCDESC,DEFAULT
OPQCDESC,OPQCDESC,TESTDATA
OUTPROC,OUTHPROC,DEFAULT
OUTPROC,OUTPROC,DEFAULT
OUTPROC,OUTHPROC,TESTDATA
OUTPROC,OUTPROC,TESTDATA
PIBINLOC,PIBINLOC,DEFAULT
PIBINLOC,PIBINLOC,TESTDATA
PIBINLOT,PIBINLOT,DEFAULT
PIBINLOT,PIBINLOT,TESTDATA
PRGFILE,PRGFILE,DEFAULT
PRGFILE,PRGFILE,TESTDATA
QCCODES,QCCODES,DEFAULT
QCCODES,QCCODES,TESTDATA
ROCHG,ROCHG,DEFAULT
ROCHG,ROCHG,TESTDATA
ROUTING,BKRTEMTR,DEFAULT
ROUTING,ISRTESA,DEFAULT
ROUTING,ISRTEST,DEFAULT
ROUTING,ROUTAING,DEFAULT
ROUTING,ROUTING,DEFAULT
ROUTING,ROUTTEMP,DEFAULT
ROUTING,BKRTEMTR,TESTDATA
ROUTING,ISRTESA,TESTDATA
ROUTING,ISRTEST,TESTDATA
ROUTING,ROUTAING,TESTDATA
ROUTING,ROUTING,TESTDATA
ROUTING,ROUTTEMP,TESTDATA
SCHEDCAL,SCHEDCAL,DEFAULT
SCHEDCAL,SCHEDCAL,TESTDATA
SCHWO,SCHWO,DEFAULT
SCHWO,SCHWO,TESTDATA
SCRAP,SCRAP,DEFAULT
SCRAP,SCRAP,TESTDATA
SERIAL,SERIAL,DEFAULT
SERIAL,SERIALH,DEFAULT
SERIAL,SERIAL,TESTDATA
SERIAL,SERIALH,TESTDATA
SUMCUST,SUMCUST,DEFAULT
SUMCUST,SUMCUST,TESTDATA
SUMINV,SUMINV,DEFAULT
SUMINV,SUMINV,TESTDATA
SUMPNCUS,SUMPNCUS,DEFAULT
SUMPNCUS,SUMPNCUS,TESTDATA
SUMWC,SUMWC,DEFAULT
SUMWC,SUMWC,TESTDATA
TASCMDH,TASCMDH,DEFAULT
TASCMDL,TASCMDL,DEFAULT
TASEDHLP,TASEDHLP,DEFAULT
TASMAKE,TASMAKE,DEFAULT
TASMSLB,TASMSLB,DEFAULT
TESTARRA,TESTARRA,DEFAULT
TESTARRA,TESTARRA,TESTDATA
TESTFILE,TESTFILE,DEFAULT
TESTFILE,TESTFILE,TESTDATA
TOOL,TOOL,DEFAULT
TOOL,TOOL,TESTDATA
WCCTL,WCCTL,DEFAULT
WCCTL,WCCTL,TESTDATA
WCTRLOAD,WCTRLOAD,DEFAULT
WCTRLOAD,WCTRSLOD,DEFAULT
WCTRLOAD,WCTRLOAD,TESTDATA
WCTRLOAD,WCTRSLOD,TESTDATA
WOBOM,WOBOM,DEFAULT
WOBOM,WOHBOM,DEFAULT
WOBOM,WOSBOM,DEFAULT
WOBOM,WOBOM,TESTDATA
WOBOM,WOHBOM,TESTDATA
WOBOM,WOSBOM,TESTDATA
WOBOMCHG,WOBOMCHG,DEFAULT
WOBOMCHG,WOBOMCHG,TESTDATA
WOBOMREM,WOBOMHRM,DEFAULT
WOBOMREM,WOBOMREM,DEFAULT
WOBOMREM,WOBOMHRM,TESTDATA
WOBOMREM,WOBOMREM,TESTDATA
WODATE,WODATE,DEFAULT
WODATE,WOHDATE,DEFAULT
WODATE,WODATE,TESTDATA
WODATE,WOHDATE,TESTDATA
WOEXCHG,WOEXCHG,DEFAULT
WOEXCHG,WOHEXCHG,DEFAULT
WOEXCHG,WOEXCHG,TESTDATA
WOEXCHG,WOHEXCHG,TESTDATA
WOLABOR,WOELABOR,DEFAULT
WOLABOR,WOHLABOR,DEFAULT
WOLABOR,WOLABOR,DEFAULT
WOLABOR,WOLABRPT,DEFAULT
WOLABOR,WOELABOR,TESTDATA
WOLABOR,WOHLABOR,TESTDATA
WOLABOR,WOLABOR,TESTDATA
WOLABOR,WOLABRPT,TESTDATA
WOMAT,WOEMAT,DEFAULT
WOMAT,WOHMAT,DEFAULT
WOMAT,WOMAT,DEFAULT
WOMAT,WOEMAT,TESTDATA
WOMAT,WOHMAT,TESTDATA
WOMAT,WOMAT,TESTDATA
WORECV,ISNCRTXN,DEFAULT
WORECV,WOERECV,DEFAULT
WORECV,WOHRECV,DEFAULT
WORECV,WORECV,DEFAULT
WORECV,ISNCRTXN,TESTDATA
WORECV,WOERECV,TESTDATA
WORECV,WOHRECV,TESTDATA
WORECV,WORECV,TESTDATA
WORKCHG,WORKACHG,DEFAULT
WORKCHG,WORKCHG,DEFAULT
WORKCHG,WORKACHG,TESTDATA
WORKCHG,WORKCHG,TESTDATA
WORKCTR,WORKCTR,DEFAULT
WORKCTR,WORKCTR,TESTDATA
WORKORD,WORKHORD,DEFAULT
WORKORD,WORKORD,DEFAULT
WORKORD,WORKSORD,DEFAULT
WORKORD,WORKHORD,TESTDATA
WORKORD,WORKORD,TESTDATA
WORKORD,WORKSORD,TESTDATA
WOROCHG,WOROCHG,DEFAULT
WOROCHG,WOROCHG,TESTDATA
WOROUT,WOHROUT,DEFAULT
WOROUT,WOROUT,DEFAULT
WOROUT,WOROUTMP,DEFAULT
WOROUT,WOSROUT,DEFAULT
WOROUT,WOHROUT,TESTDATA
WOROUT,WOROUT,TESTDATA
WOROUT,WOROUTMP,TESTDATA
WOROUT,WOSROUT,TESTDATA
