referenced_table,pk_field,referencing_table
BKARDEP,BKAR_DEP_DEPNO,BKAPDEP
BKBMREMK,BKBM_RM_PARENT,BKBMERMK
BKCMACCN,BKCM_ACCN_CODE,BKAPACCN
BKCMCTRL,BKCM_CTRL_USER,BKCMCTL1
BKCMCTRL,BKCM_CTRL_USER,BKCMCTL2
BKCMCTRL,BKCM_CTRL_USER,BKCMCTL3
BKCMCTRL,BKCM_CTRL_USER,BKCMCTL4
BKCMEACF,BKCM_ACTF_CODE,BKCMACTF
BKCMEACH,BKCM_ACTH_CODE,BKCMACTH
BKCMEACT,BKCM_ACCT_CODE,BKCMACCT
BKCMEACT,BKCM_ACCT_CODE,BKCMDE
BKCMFTME,BKCM_FTME_CODE,BKCMEFTM
BKCMTMP4,BKCMT_KEYF,BKCMTEMP
BKCMTMP4,BKCMT_KEYF,BKCMTMP1
BKCMTMP4,BKCMT_KEYF,BKCMTMP2
BKCMTMP4,BKCMT_KEYF,BKCMTMP3
BKDCTLAB,LAB_ESSDATE,BKDCCLAB
BKDCTLAB,LAB_ESSDATE,BKDCHLAB
BKDCTLAB,LAB_ESSDATE,BKDCLAB
BKDCTLAB,LAB_ESSDATE,BKDCPLAB
BKGLTGJL,BKGL_GJL_TRANSN,BKGLAGJL
BKGLTGJL,BKGL_GJL_TRANSN,BKGLGJLN
BKGLTGJL,BKGL_GJL_TRANSN,BKGLRGJL
BKGLTGJR,BKGL_GJ_TRANSDT,BKGLAGJR
BKGLTGJR,BKGL_GJ_TRANSDT,BKGLGJRN
BKGLTGJR,BKGL_GJ_TRANSDT,BKGLRGJR
BKGLXH,BKGLX_POSTDATE,BKGLX
BKICLOC,BKIC_LOC_PROD,BKICELOC
BKPOXH,BKPOX_POSTDATE,BKPOX
BKPRHCOM,BKPR_COMM_SLSP,BKPRACOM
BKPRHCOM,BKPR_COMM_SLSP,BKPRCOMM
BKSOXH,BKSOX_POSTDATE,BKSOX
EMERSNGL,BKGL_ACCT,BKGLCOA
EMERSNGL,BKGL_ACCT,BKGLECOA
EMERSNGL,BKGL_ACCT,BKGLFCOA
INVTXN,MTIT_TYPE,INVATXN
INVTXN,MTIT_TYPE,INVETXN
ISAPAINT,BKAP_INVT_CODE,BKAPEIVT
ISAPAINT,BKAP_INVT_CODE,BKAPINVT
ISAPAVND,BKAP_VENDCODE,BKAPEVND
ISAPAVND,BKAP_VENDCODE,BKAPVEND
ISARACST,BKAR_CUSTCODE,BKARCUST
ISARACST,BKAR_CUSTCODE,BKARECST
ISARACST,BKAR_CUSTCODE,BKARSHIP
ISARACST,BKAR_CUSTCODE,BKCMCUST
ISARAHTX,BKAR_TAX_INVNO,BKARHTAX
ISARAIVI,BKAR_INVI_SONUM,BKARINVI
ISARAT,BKART_TRXN,ARTTEMP
ISARAT,BKART_TRXN,BKART
ISARATNT,BKART_NOT_TRXN,BKARTNOT
ISARFQ,BKRFQ_NUM,BKAPQUOT
ISARFQ,BKRFQ_NUM,BKRFQ
ISARFQ,BKRFQ_NUM,ISAPHQT
ISARFQ,BKRFQ_NUM,ISAPQTQT
ISCARFUP,IS_CARFUP_CAR,ISACARFU
ISCHAINM,IS_CHAIN_USER,ISCHAIN
ISESTASM,MTESUM_QUOTE,ESTSUM
ISESTDTL,IS_EST_NUM,ISESADTL
ISESTPO,BKMRP_PO_VEND,BKMRPPO
ISESTPO,BKMRP_PO_VEND,BKSOPO
ISESTPO,BKMRP_PO_VEND,BKWOPO
ISFSEMP,IS_FIB_CLASS,ISFSCLAS
ISGLFCOA,ISGL_ACCT,ISGLBDGT
ISGLFCOA,ISGL_ACCT,ISGLCOA
ISGLHDAT,ISGL_FYDATE,ISGLDATE
ISICAPMT,BKIC_PMAT_CUST,BKICAPMA
ISICAPMT,BKIC_PMAT_CUST,BKICPMAT
ISICAPMT,BKIC_PMAT_CUST,DISCOUNT
ISICAREF,BKIC_REF_CUST,BKICREF
ISICMSTR,IS_PROD_CODE,ISICAMTR
ISJBSF,ISBSF_STARTDATE,ISBSF
ISLINKS,IS_LNK_UID,ISALINKS
ISMYBOM,BKBM_PARENT,BKBMAMTR
ISMYBOM,BKBM_PARENT,BKBMARC
ISMYBOM,BKBM_PARENT,BKBMAVAL
ISMYBOM,BKBM_PARENT,BKBMEMTR
ISMYBOM,BKBM_PARENT,BKBMMSTR
ISMYBOM,BKBM_PARENT,BKBMSUMM
ISMYBOM,BKBM_PARENT,ISBMESA
ISMYBOM,BKBM_PARENT,ISBMEST
ISMYBOM,BKBM_PARENT,ISBMTMP
ISNCR,IS_NCR_NUM,ISACAR
ISNCR,IS_NCR_NUM,ISANCR
ISNCR,IS_NCR_NUM,ISCAR
ISPODESC,IORD_DESC_CODE,ISORDDSC
ISPOS,BKCM_ACCL_CODE,BKCMACCL
ISPOS,BKCM_ACCL_CODE,BKCMEACC
ISPOS,BKCM_ACCL_CODE,ISBRANDS
ISPOSC,BKCM_ACCC_CCODE,BKCMACCC
ISPOSC,BKCM_ACCC_CCODE,ISBRANDC
ISPRAHST,BKPR_CURP_EMPNM,BKPRCURP
ISPRAHST,BKPR_CURP_EMPNM,BKPRHIST
ISPRAINF,BKPR_INFO_NUM,BKPRINFO
ISPRCONS,ISPR_CNS_EMP,ISPRACON
ISPRMSTR,BKPR_EMP_NUM,BKPRMSTR
ISPRMSTR,BKPR_EMP_NUM,BKPRW2
ISPRMSTR,BKPR_EMP_NUM,ISPRAMST
ISPRSALE,BKPR_SLS_EMPNUM,BKPRBOOK
ISPRSALE,BKPR_SLS_EMPNUM,BKPRSALE
ISQCMTHD,ISQC_MTD_TSTCOD,ISPMMTHD
ISQCSPEC,ISQC_SPC_LRNUM,ISPMINPR
ISQCSPEC,ISQC_SPC_LRNUM,ISPMRSLT
ISQCSPEC,ISQC_SPC_LRNUM,ISPMSPEC
ISQCSPEC,ISQC_SPC_LRNUM,ISQCRSLT
ISQTCODE,IS_CATM_CODE,ISCATMST
ISRMAI,IS_RMA_NUM,ISRMAAI
ISSCHED,IS_SCHED_NAME,ISESCHED
ISSERCNT,IS_SERC_ITEM,ISITMCFG
ISSIGN,IS_SIGN_NUM,ISASIGN
ISSLSFC,BKMRP_FC_PART,BKMRPFC
ISSLSFC,BKMRP_FC_PART,ISAMRPF
ISSLSFC,BKMRP_FC_PART,ISMRPFC
ISSNOTES,IS_NOTE_ID,ISANOTES
ISSNOTES,IS_NOTE_ID,ISNOTES
ISSNTXNB,ISAR_TXN_SONUM,ISARTXNB
ISSODIGS,IS_DSIG_EMP,ISDIGSIG
ISSOHBOX,ISSO_BOX_SONUM,ISBOLMS
ISSOHBOX,ISSO_BOX_SONUM,ISPOBOX
ISSOHBOX,ISSO_BOX_SONUM,ISSOABOX
ISSOHBOX,ISSO_BOX_SONUM,ISSOAHBX
ISSOHBOX,ISSO_BOX_SONUM,ISSOBOX
ISSRFQH,BKAP_PO_NUM,BKAPAPO
ISSRFQH,BKAP_PO_NUM,BKAPHPO
ISSRFQH,BKAP_PO_NUM,BKAPPO
ISSRFQH,BKAP_PO_NUM,BKAPRFQ
ISSRFQH,BKAP_PO_NUM,ISAPARFQ
ISSRFQH,BKAP_PO_NUM,ISAPOPO
ISSRFQH,BKAP_PO_NUM,ISSPOH
ISSRFQL,BKAP_POL_PONM,BKAPAPOL
ISSRFQL,BKAP_POL_PONM,BKAPHPOL
ISSRFQL,BKAP_POL_PONM,BKAPPOL
ISSRFQL,BKAP_POL_PONM,BKAPRFQL
ISSRFQL,BKAP_POL_PONM,ISAPARFL
ISSRFQL,BKAP_POL_PONM,ISAPOPOL
ISSRFQL,BKAP_POL_PONM,ISSPOL
ISSRINFO,ISSR_INFO_SRNUM,ISBTCSB
ISSRINFO,ISSR_INFO_SRNUM,ISEDINFO
ISSRINFO,ISSR_INFO_SRNUM,ISESINFO
ISSRINFO,ISSR_INFO_SRNUM,ISICINFO
ISSRINFO,ISSR_INFO_SRNUM,ISQTINFO
ISSRINFO,ISSR_INFO_SRNUM,ISRMAINF
ISSRINFO,ISSR_INFO_SRNUM,ISRMHINF
ISSRINFO,ISSR_INFO_SRNUM,ISRMINFO
ISSRINFO,ISSR_INFO_SRNUM,ISSOAINF
ISSRINFO,ISSR_INFO_SRNUM,ISSOHINF
ISSRINFO,ISSR_INFO_SRNUM,ISSOINFO
ISSRINFO,ISSR_INFO_SRNUM,ISSRAINF
ISSRINFO,ISSR_INFO_SRNUM,ISSRHINF
ISSRMMS,ISSR_MMS_SRVNUM,ISSRAMMS
ISSRTXNS,BKAR_TXN_SONUM,BKARTXN
ISSRTXNS,BKAR_TXN_SONUM,BKARTXNB
ISSRTXNS,BKAR_TXN_SONUM,BKARTXNS
ISSRTXNS,BKAR_TXN_SONUM,BKSOHLOT
ISSRTXNS,BKAR_TXN_SONUM,BKSOHSER
ISSRTXNS,BKAR_TXN_SONUM,ISARATXN
ISSRTXNS,BKAR_TXN_SONUM,ISARATXS
ISSRTXNS,BKAR_TXN_SONUM,ISRMATXN
ISSRTXNS,BKAR_TXN_SONUM,ISRMATXS
ISSRTXNS,BKAR_TXN_SONUM,ISRMTXN
ISSRTXNS,BKAR_TXN_SONUM,ISRMTXNS
ISSRTXNS,BKAR_TXN_SONUM,ISSNTXN
ISSRTXNS,BKAR_TXN_SONUM,ISSNTXNS
ISSRTXNS,BKAR_TXN_SONUM,ISSOALOT
ISSRTXNS,BKAR_TXN_SONUM,ISSOASER
ISSRTXNS,BKAR_TXN_SONUM,ISSRATXN
ISSRTXNS,BKAR_TXN_SONUM,ISSRATXS
ISSRTXNS,BKAR_TXN_SONUM,ISSRTXN
ISSSRH,BKAR_INV_NUM,BKARHINV
ISSSRH,BKAR_INV_NUM,BKARINV
ISSSRH,BKAR_INV_NUM,BKARRINV
ISSSRH,BKAR_INV_NUM,BKEDIH
ISSSRH,BKAR_INV_NUM,BKESTQT
ISSSRH,BKAR_INV_NUM,ISARAHIN
ISSSRH,BKAR_INV_NUM,ISARAINV
ISSSRH,BKAR_INV_NUM,ISESAHDR
ISSSRH,BKAR_INV_NUM,ISESTAQT
ISSSRH,BKAR_INV_NUM,ISESTHDR
ISSSRH,BKAR_INV_NUM,ISRMAINV
ISSSRH,BKAR_INV_NUM,ISRMINV
ISSSRH,BKAR_INV_NUM,ISSEDH
ISSSRH,BKAR_INV_NUM,ISSESH
ISSSRH,BKAR_INV_NUM,ISSNINV
ISSSRH,BKAR_INV_NUM,ISSQTH
ISSSRH,BKAR_INV_NUM,ISSRAINV
ISSSRH,BKAR_INV_NUM,ISSRCH
ISSSRH,BKAR_INV_NUM,ISSRINV
ISSSRH,BKAR_INV_NUM,ISSRMH
ISSSRH,BKAR_INV_NUM,ISSRMINV
ISSSRH,BKAR_INV_NUM,ISSSOH
ISSSRL,BKAR_INVL_INVNM,BKARHIVL
ISSSRL,BKAR_INVL_INVNM,BKARINVL
ISSSRL,BKAR_INVL_INVNM,BKARRIVL
ISSSRL,BKAR_INVL_INVNM,BKARSIVL
ISSSRL,BKAR_INVL_INVNM,BKEDIL
ISSSRL,BKAR_INVL_INVNM,BKESTQTL
ISSSRL,BKAR_INVL_INVNM,ISARAHIL
ISSSRL,BKAR_INVL_INVNM,ISARAIVL
ISSSRL,BKAR_INVL_INVNM,ISESALNE
ISSSRL,BKAR_INVL_INVNM,ISESTAQL
ISSSRL,BKAR_INVL_INVNM,ISESTLNE
ISSSRL,BKAR_INVL_INVNM,ISRMAIVL
ISSSRL,BKAR_INVL_INVNM,ISRMINVL
ISSSRL,BKAR_INVL_INVNM,ISSEDL
ISSSRL,BKAR_INVL_INVNM,ISSESL
ISSSRL,BKAR_INVL_INVNM,ISSNINVL
ISSSRL,BKAR_INVL_INVNM,ISSQTL
ISSSRL,BKAR_INVL_INVNM,ISSRAIVL
ISSSRL,BKAR_INVL_INVNM,ISSRCL
ISSSRL,BKAR_INVL_INVNM,ISSRINVL
ISSSRL,BKAR_INVL_INVNM,ISSRMIVL
ISSSRL,BKAR_INVL_INVNM,ISSRML
ISSSRL,BKAR_INVL_INVNM,ISSSOL
ISSTYPE,IS_STYPE_TYPE,ISSTEQUI
ISSTYPE,IS_STYPE_TYPE,ISSTTYPE
LOT,MTLOT_CODE,ISALOT
MKICLASS,MKECLASS_NUM,MKECLASS
MTINVDEF,MTIC_PROD_CLASS,ISMICADT
MTINVDEF,MTIC_PROD_CLASS,ISMICESA
MTINVDEF,MTIC_PROD_CLASS,ISMICEST
MTINVDEF,MTIC_PROD_CLASS,ISMICSTD
MTINVDEF,MTIC_PROD_CLASS,MTICAMTR
MTINVDEF,MTIC_PROD_CLASS,MTICEMTR
MTINVDEF,MTIC_PROD_CLASS,MTICMSTR
MTMRP,MTMRP_PARTNO,ISMRPOLD
NOTETEMP,BK_DESC_CODE,BKAPADSC
NOTETEMP,BK_DESC_CODE,BKAPDESC
NOTETEMP,BK_DESC_CODE,BKAPHDSC
NOTETEMP,BK_DESC_CODE,BKARDESC
NOTETEMP,BK_DESC_CODE,BKARDPST
NOTETEMP,BK_DESC_CODE,BKARHDSC
NOTETEMP,BK_DESC_CODE,BKARRDSC
NOTETEMP,BK_DESC_CODE,BKGLDESC
NOTETEMP,BK_DESC_CODE,BKQTNOTE
NOTETEMP,BK_DESC_CODE,BKQTTEMP
NOTETEMP,BK_DESC_CODE,BKRFQDES
NOTETEMP,BK_DESC_CODE,BKSONOTE
NOTETEMP,BK_DESC_CODE,ISARADSC
NOTETEMP,BK_DESC_CODE,ISARAHDS
NOTETEMP,BK_DESC_CODE,ISRFQADS
NOTETEMP,BK_DESC_CODE,ISRMADSC
NOTETEMP,BK_DESC_CODE,ISRMDESC
NOTETEMP,BK_DESC_CODE,ISSRADSC
NOTETEMP,BK_DESC_CODE,ISSRDESC
NOTETEMP,BK_DESC_CODE,ISWODESC
NOTETEMP,BK_DESC_CODE,ISWOHDSC
ROUTTEMP,MTRO_CODE,BKRTEMTR
ROUTTEMP,MTRO_CODE,ISRTESA
ROUTTEMP,MTRO_CODE,ISRTEST
ROUTTEMP,MTRO_CODE,ROUTAING
ROUTTEMP,MTRO_CODE,ROUTING
SERIALH,MTSER_CODE,SERIAL
TEMPOLD,BKCM_ACTD_CODE,BKCMACTD
TEMPOLD,BKCM_ACTD_CODE,BKCMEACD
VENDCLAS,MTCLASS_M_CLASS,CLASMSTR
VENDCLAS,MTCLASS_M_CLASS,CUSTCLAS
VENDCLAS,MTCLASS_M_CLASS,ISFSMARK
WCTRSLOD,WC_LOAD_WC,WCTRLOAD
WOBOMREM,WOBOM_RM_WOPRE,WOBOMHRM
WORKSORD,MTWO_WIP_WOPRE,WORKHORD
WORKSORD,MTWO_WIP_WOPRE,WORKORD
WOSROUT,MTWORO_WOPRE,WOHROUT
WOSROUT,MTWORO_WOPRE,WOROUT
WOSROUT,MTWORO_WOPRE,WOROUTMP
XXICMSTR,BKIC_PROD_CODE,BKICAMTR
XXICMSTR,BKIC_PROD_CODE,BKICEMTR
XXICMSTR,BKIC_PROD_CODE,BKICMSTR
XXICMSTR,BKIC_PROD_CODE,ISICADT
XXICMSTR,BKIC_PROD_CODE,ISICESA
XXICMSTR,BKIC_PROD_CODE,ISICEST
XXICMSTR,BKIC_PROD_CODE,ISICSTD
