table,pk_segment,pk_field,field_type,field_size,flags
AHSYLOG,1,AHSY_USER_LEVL,0,2,DUP
AHSYLOG,2,AHSY_USER_MENU,0,4,DUP
ARTTEMP,1,BKART_TRXN,2,8,DUP
BKABCUST,1,BKAB_START,3,4,DUP
BKABVEND,1,BKAB_SERIAL,2,8,DUP
BKACTRPT,1,BKAC_TYPE,0,8,DUP
BKACTRPT,2,BKAC_NAME,0,15,DUP
BKAPACCN,1,BKCM_ACCN_CODE,0,10,DUP
BKAPADSC,1,BK_DESC_CODE,0,15,DUP
BKAPAPO,1,BKAP_PO_NUM,2,8,DUP
BKAPAPOL,1,BKAP_POL_PONM,2,8,DUP
BKAPCHKF,1,BKAP_CHK_VNDCOD,0,10,DUP
BKAPCHKF,2,BKAP_CHK_INVNUM,0,10,DUP
BKAPCHKH,1,BKAP_CHK_VNDCOD,0,10,DUP
BKAPCHKH,2,BKAP_CHK_INVNUM,0,10,DUP
BKAPDEP,1,BKAR_DEP_DEPNO,2,8,DUP
BKAPDESC,1,BK_DESC_CODE,0,15,DUP
BKAPEIVT,1,BKAP_INVT_CODE,0,10,DUP
BKAPEVND,1,BKAP_VENDCODE,0,10,
BKAPHDSC,1,BK_DESC_CODE,0,15,DUP
BKAPHPO,1,BKAP_PO_NUM,2,8,DUP
BKAPHPOL,1,BKAP_POL_PONM,2,8,DUP
BKAPINVL,1,BKAP_INVL_CODE,0,10,DUP
BKAPINVL,2,BKAP_INVL_NUM,0,10,DUP
BKAPINVT,1,BKAP_INVT_CODE,0,10,DUP
BKAPNOTE,1,BKAP_NOTE_SRCH1,0,10,DUP
BKAPNOTE,2,BKAP_NOTE_SRCH2,0,10,DUP
BKAPNOTE,3,BKAP_NOTE_DATE,3,4,DUP
BKAPNOTE,4,BKAP_NOTE_ENTBY,0,10,DUP
BKAPPO,1,BKAP_PO_NUM,2,8,DUP
BKAPPOL,1,BKAP_POL_PONM,2,8,DUP
BKAPQUOT,1,BKRFQ_NUM,2,8,DUP
BKAPRFQ,1,BKAP_PO_NUM,2,8,DUP
BKAPRFQL,1,BKAP_POL_PONM,2,8,DUP
BKAPRIVL,1,BKAP_INVL_CODE,0,10,DUP
BKAPRIVL,2,BKAP_INVL_NUM,0,10,DUP
BKAPVEND,1,BKAP_VENDCODE,0,10,
BKAPVND2,1,BKAP2_VENDCODE,0,10,DUP
BKARCHKF,1,BKAP_CHK_VNDCOD,0,10,DUP
BKARCHKF,2,BKAP_CHK_INVNUM,0,10,DUP
BKARCHKH,1,BKAP_CHK_VNDCOD,0,10,DUP
BKARCHKH,2,BKAP_CHK_INVNUM,0,10,DUP
BKARCUST,1,BKAR_CUSTCODE,0,10,
BKARDEP,1,BKAR_DEP_DEPNO,2,8,DUP
BKARDESC,1,BK_DESC_CODE,0,15,DUP
BKARDPST,1,BK_DESC_CODE,0,15,DUP
BKARECST,1,BKAR_CUSTCODE,0,10,
BKAREIVT,1,BKAR_INVT_CODE,0,10,DUP
BKAREIVT,2,BKAR_INVT_DATE,3,4,DUP
BKAREIVT,3,BKAR_INVT_NUM,2,8,DUP
BKARHDSC,1,BK_DESC_CODE,0,15,DUP
BKARHINV,1,BKAR_INV_NUM,2,8,DUP
BKARHIVL,1,BKAR_INVL_INVNM,2,8,DUP
BKARHTAX,1,BKAR_TAX_INVNO,2,8,DUP
BKARINV,1,BKAR_INV_NUM,2,8,DUP
BKARINVI,1,BKAR_INVI_SONUM,2,8,DUP
BKARINVL,1,BKAR_INVL_INVNM,2,8,DUP
BKARINVT,1,BKAR_INVT_CODE,0,10,DUP
BKARINVT,2,BKAR_INVT_DATE,3,4,DUP
BKARINVT,3,BKAR_INVT_NUM,2,8,DUP
BKARINVV,1,BKAR_INVV_CODE,0,10,DUP
BKARINVV,2,BKAR_INVV_NUM,0,6,DUP
BKARRDSC,1,BK_DESC_CODE,0,15,DUP
BKARRINV,1,BKAR_INV_NUM,2,8,DUP
BKARRIVL,1,BKAR_INVL_INVNM,2,8,DUP
BKARSHIP,1,BKAR_CUSTCODE,0,10,
BKARSIVL,1,BKAR_INVL_INVNM,2,8,DUP
BKART,1,BKART_TRXN,2,8,DUP
BKARTNOT,1,BKART_NOT_TRXN,2,8,DUP
BKARTXN,1,BKAR_TXN_SONUM,2,8,DUP
BKARTXNB,1,BKAR_TXN_SONUM,2,8,DUP
BKARTXNS,1,BKAR_TXN_SONUM,2,8,DUP
BKBMAMTR,1,BKBM_PARENT,0,15,DUP
BKBMARC,1,BKBM_PARENT,0,15,DUP
BKBMAVAL,1,BKBM_PARENT,0,15,DUP
BKBMCNFG,1,BKBM_CNFG_NUM,2,8,DUP
BKBMDIM,1,BKBM_DIM_PARENT,0,15,DUP
BKBMEMTR,1,BKBM_PARENT,0,15,DUP
BKBMERMK,1,BKBM_RM_PARENT,0,15,DUP
BKBMMSTR,1,BKBM_PARENT,0,15,DUP
BKBMNOTE,1,BKBM_NT_PARENT,0,15,DUP
BKBMREMK,1,BKBM_RM_PARENT,0,15,DUP
BKBMSUMM,1,BKBM_PARENT,0,15,DUP
BKCMACCC,1,BKCM_ACCC_CCODE,0,5,DUP
BKCMACCL,1,BKCM_ACCL_CODE,0,10,DUP
BKCMACCN,1,BKCM_ACCN_CODE,0,10,DUP
BKCMACCT,1,BKCM_ACCT_CODE,0,10,DUP
BKCMACFC,1,BKCM_ACFC_FCODE,0,3,DUP
BKCMACTD,1,BKCM_ACTD_CODE,0,10,DUP
BKCMACTF,1,BKCM_ACTF_CODE,0,10,DUP
BKCMACTH,1,BKCM_ACTH_CODE,0,10,DUP
BKCMCNTD,1,BKCM_CNTD_TTLE1,0,25,DUP
BKCMCTL1,1,BKCM_CTRL_USER,0,10,DUP
BKCMCTL2,1,BKCM_CTRL_USER,0,10,DUP
BKCMCTL3,1,BKCM_CTRL_USER,0,10,DUP
BKCMCTL4,1,BKCM_CTRL_USER,0,10,DUP
BKCMCTRL,1,BKCM_CTRL_USER,0,10,DUP
BKCMCUST,1,BKAR_CUSTCODE,0,10,
BKCMDE,1,BKCM_ACCT_CODE,0,10,DUP
BKCMDTCD,1,BKCM_DTCD_DCODE,0,2,DUP
BKCMDUN,1,BKCM_DUN_REP,0,5,DUP
BKCMDUNH,1,BKCM_DUNH_ACCT,0,10,DUP
BKCMEACC,1,BKCM_ACCL_CODE,0,10,DUP
BKCMEACD,1,BKCM_ACTD_CODE,0,10,DUP
BKCMEACF,1,BKCM_ACTF_CODE,0,10,DUP
BKCMEACH,1,BKCM_ACTH_CODE,0,10,DUP
BKCMEACT,1,BKCM_ACCT_CODE,0,10,DUP
BKCMEFTM,1,BKCM_FTME_CODE,0,10,DUP
BKCMFORM,1,BKCM_FORM_CODE,0,15,DUP
BKCMFTME,1,BKCM_FTME_CODE,0,10,DUP
BKCMHCD2,1,BKCM_HCD2_HCODE,0,2,DUP
BKCMHCOD,1,BKCM_HCOD_HCODE,0,2,DUP
BKCMLEAD,1,BKCM_LEAD_SCODE,0,5,DUP
BKCMMHST,1,BKCM_MHST_MCODE,0,15,DUP
BKCMPCFC,1,BKCM_PCFC_FCODE,0,3,DUP
BKCMPCNT,1,BKCM_PCNT_CCODE,0,10,DUP
BKCMPCTF,1,BKCM_PCTF_CCODE,0,10,DUP
BKCMPCTF,2,BKCM_PCTF_REP,0,5,DUP
BKCMPCTF,3,BKCM_PCTF_TYPE,0,3,DUP
BKCMPCTH,1,BKCM_PCTH_CCODE,0,10,DUP
BKCMREP,1,BKCM_REP_REP,0,5,DUP
BKCMSBDF,1,BKCM_SBDF_BINC,2,8,DUP
BKCMTEMP,1,BKCMT_KEYF,0,20,DUP
BKCMTERR,1,BKCM_TERR_TCODE,0,4,DUP
BKCMTMP1,1,BKCMT_KEYF,0,20,DUP
BKCMTMP2,1,BKCMT_KEYF,0,20,DUP
BKCMTMP3,1,BKCMT_KEYF,0,20,DUP
BKCMTMP4,1,BKCMT_KEYF,0,20,DUP
BKCMVNDF,1,BKCM_VNDF_VCODE,0,10,DUP
BKCMVNDH,1,BKCM_VNDH_VCODE,0,10,DUP
BKCMVNFC,1,BKCM_VNFC_FCODE,0,3,DUP
BKCPEC,1,BKCP_EC_DATE,3,4,DUP
BKCPMSTR,1,BKCP_MST_CMPATH,0,66,DUP
BKDCCFG,1,BKDC_CFG_IDLEP,2,8,DUP
BKDCCLAB,1,LAB_ESSDATE,3,4,DUP
BKDCHLAB,1,LAB_ESSDATE,3,4,DUP
BKDCLAB,1,LAB_ESSDATE,3,4,DUP
BKDCPLAB,1,LAB_ESSDATE,3,4,DUP
BKDCSHFT,1,BKDC_SH_NAME1,0,25,DUP
BKDCTLAB,1,LAB_ESSDATE,3,4,DUP
BKEDIDUN,1,BKEDI_DUN_CUST,0,10,DUP
BKEDIH,1,BKAR_INV_NUM,2,8,DUP
BKEDIL,1,BKAR_INVL_INVNM,2,8,DUP
BKEDMSTR,1,BKEDI_MST_NEXTN,2,8,DUP
BKEDNOTE,1,BKEDI_NOTE_EDI,2,8,DUP
BKEDPOST,1,BKEDI_POST_INVN,2,8,DUP
BKESTCFG,1,BKEST_CFG_NUM,2,8,DUP
BKESTQT,1,BKAR_INV_NUM,2,8,DUP
BKESTQTL,1,BKAR_INVL_INVNM,2,8,DUP
BKFLDHLP,1,HLP_CODE,0,17,DUP
BKFLDHLP,2,HLP_INDEX,14,2,DUP
BKFOCFG,1,BKFO_CFG_MANFET,0,1,DUP
BKGLACHK,1,BKGL_CHK_CHKACT,14,2,DUP
BKGLACHK,2,BKGL_CHK_NUM,2,8,DUP
BKGLAGJL,1,BKGL_GJL_TRANSN,2,8,DUP
BKGLAGJR,1,BKGL_GJ_TRANSDT,3,4,DUP
BKGLATRN,1,BKGL_TRN_GLACCT,0,10,DUP
BKGLATRN,2,BKGL_TRN_GLDPT,0,4,DUP
BKGLATRN,3,BKGL_TRN_DATE,3,4,DUP
BKGLCCOA,1,BKGLC_ACCT,0,10,DUP
BKGLCHK,1,BKGL_CHK_CHKACT,14,2,DUP
BKGLCHK,2,BKGL_CHK_NUM,2,8,DUP
BKGLCOA,1,BKGL_ACCT,0,10,DUP
BKGLDESC,1,BK_DESC_CODE,0,15,DUP
BKGLECOA,1,BKGL_ACCT,0,10,DUP
BKGLETRN,1,BKGL_TRN_GLACCT,0,10,DUP
BKGLETRN,2,BKGL_TRN_GLDPT,0,4,DUP
BKGLETRN,3,BKGL_TRN_DATE,3,4,DUP
BKGLFCOA,1,BKGL_ACCT,0,10,DUP
BKGLFSTL,1,BKFS_NAME,0,10,DUP
BKGLFSTL,2,BKFS_LINE_NUM,14,2,DUP
BKGLGJLN,1,BKGL_GJL_TRANSN,2,8,DUP
BKGLGJRN,1,BKGL_GJ_TRANSDT,3,4,DUP
BKGLHIST,1,BKGL_TRN_GLACCT,0,10,DUP
BKGLHIST,2,BKGL_TRN_GLDPT,0,4,DUP
BKGLHIST,3,BKGL_TRN_DATE,3,4,DUP
BKGLICC,1,BKGL_CHK_CHKACT,14,2,DUP
BKGLICC,2,BKGL_CHK_NUM,2,8,DUP
BKGLRGJL,1,BKGL_GJL_TRANSN,2,8,DUP
BKGLRGJR,1,BKGL_GJ_TRANSDT,3,4,DUP
BKGLSTMT,1,BKGL_STB_MN_TTL,0,25,
BKGLTEMP,1,BKGL_TRN_GLACCT,0,10,DUP
BKGLTEMP,2,BKGL_TRN_GLDPT,0,4,DUP
BKGLTEMP,3,BKGL_TRN_DATE,3,4,DUP
BKGLTGJL,1,BKGL_GJL_TRANSN,2,8,DUP
BKGLTGJR,1,BKGL_GJ_TRANSDT,3,4,DUP
BKGLTMP,1,BKGL_TRN_GLACCT,0,10,DUP
BKGLTMP,2,BKGL_TRN_GLDPT,0,4,DUP
BKGLTMP,3,BKGL_TRN_DATE,3,4,DUP
BKGLTMP2,1,BKGL_TRN_GLACCT,0,10,DUP
BKGLTMP2,2,BKGL_TRN_GLDPT,0,4,DUP
BKGLTMP2,3,BKGL_TRN_DATE,3,4,DUP
BKGLTMP3,1,BKGL_TRN_GLACCT,0,10,DUP
BKGLTMP3,2,BKGL_TRN_GLDPT,0,4,DUP
BKGLTMP3,3,BKGL_TRN_DATE,3,4,DUP
BKGLTRAN,1,BKGL_TRN_GLACCT,0,10,DUP
BKGLTRAN,2,BKGL_TRN_GLDPT,0,4,DUP
BKGLTRAN,3,BKGL_TRN_DATE,3,4,DUP
BKGLX,1,BKGLX_POSTDATE,3,4,DUP
BKGLXH,1,BKGLX_POSTDATE,3,4,DUP
BKICALTD,1,BKIC_ALTD_PCODE,0,15,DUP
BKICALTP,1,BKIC_ALTP_TYPE,0,1,DUP
BKICALTP,2,BKIC_ALTP_PCODE,0,15,DUP
BKICAMTR,1,BKIC_PROD_CODE,0,15,DUP
BKICAPMA,1,BKIC_PMAT_CUST,0,10,DUP
BKICDIM,1,BKICDIM_PARTNO,0,15,DUP
BKICELOC,1,BKIC_LOC_PROD,0,15,DUP
BKICEMTR,1,BKIC_PROD_CODE,0,15,DUP
BKICLOC,1,BKIC_LOC_PROD,0,15,DUP
BKICLOCM,1,BKIC_LOCM_CODE,0,10,DUP
BKICMFG,1,BKIC_MFG_PCODE,0,15,DUP
BKICMFG,2,BKIC_MFG_MANUF,0,25,DUP
BKICMSTR,1,BKIC_PROD_CODE,0,15,DUP
BKICPMAT,1,BKIC_PMAT_CUST,0,10,DUP
BKICREF,1,BKIC_REF_CUST,0,10,DUP
BKICREQ,1,BKIC_REQ_STATUS,0,1,DUP
BKICREQ,2,BKIC_REQ_BY,14,2,DUP
BKICREQ,3,BKIC_REQ_IDATE,3,4,DUP
BKICREQ,4,BKIC_REQ_NUM,2,8,DUP
BKICTAX,1,BKIC_TAX_STATE,0,2,DUP
BKICVAL,1,BKIC_VAL_CODE,0,15,DUP
BKICVAL,2,BKIC_VAL_DATE,3,4,DUP
BKISHTAX,1,BKIS_TAX_CODE,0,10,DUP
BKISHTAX,2,BKIS_TAX_TRFLAG,0,1,DUP
BKISHTAX,3,BKIS_TAX_DATE,3,4,DUP
BKISTAX,1,BKIS_TAX_CODE,0,10,DUP
BKISTAX,2,BKIS_TAX_TRFLAG,0,1,DUP
BKISTAX,3,BKIS_TAX_DATE,3,4,DUP
BKLOGON,1,BKLOGON_CODE,0,15,DUP
BKMATCST,1,BKMC_CODE,0,15,DUP
BKMATRIM,1,BKMA_TRIM_MACH,0,4,DUP
BKMRPFC,1,BKMRP_FC_PART,0,15,DUP
BKMRPPO,1,BKMRP_PO_VEND,0,10,DUP
BKMRPSW,1,BKMRP_SW_PART,0,15,DUP
BKPCKIT,1,BKPC_KIT_LOT_^,0,15,DUP
BKPCPLOT,1,BKPC_PLOT_LOT_^,0,15,DUP
BKPIFROZ,1,BKPH_INFO_YEAR,0,4,DUP
BKPIFROZ,2,BKPH_INFO_QTR,0,2,DUP
BKPIFROZ,3,BKPH_INFO_LOC,0,10,DUP
BKPIFROZ,4,BKPH_INFO_PROD,0,15,DUP
BKPILCNT,1,BKPI_LOT_YEAR,0,4,DUP
BKPILCNT,2,BKPI_LOT_QTR,0,2,DUP
BKPILCNT,3,BKPI_LOT_LOC,0,10,DUP
BKPILCNT,4,BKPI_LOT_CODE,0,15,DUP
BKPILCNT,5,BKPI_LOT_LOT,0,15,DUP
BKPILOT,1,BKPI_LOT_YEAR,0,4,DUP
BKPILOT,2,BKPI_LOT_QTR,0,2,DUP
BKPILOT,3,BKPI_LOT_LOC,0,10,DUP
BKPILOT,4,BKPI_LOT_CODE,0,15,DUP
BKPILOT,5,BKPI_LOT_LOT,0,15,DUP
BKPIMSTR,1,BKPI_MSTR_YEAR,0,4,DUP
BKPIMSTR,2,BKPI_MSTR_QTR,0,2,DUP
BKPIPHYS,1,BKPH_YEAR,0,4,DUP
BKPIPHYS,2,BKPH_QTR,0,2,DUP
BKPIPHYS,3,BKPH_LOC,0,10,DUP
BKPIPHYS,4,BKPH_CODE,0,15,DUP
BKPISCNT,1,BKPI_SER_YEAR,0,4,DUP
BKPISCNT,2,BKPI_SER_QTR,0,2,DUP
BKPISCNT,3,BKPI_SER_LOC,0,10,DUP
BKPISCNT,4,BKPI_SER_CODE,0,15,DUP
BKPISCNT,5,BKPI_SER_SERIAL,0,25,DUP
BKPISER,1,BKPI_SER_YEAR,0,4,DUP
BKPISER,2,BKPI_SER_QTR,0,2,DUP
BKPISER,3,BKPI_SER_LOC,0,10,DUP
BKPISER,4,BKPI_SER_CODE,0,15,DUP
BKPISER,5,BKPI_SER_SERIAL,0,25,DUP
BKPOX,1,BKPOX_POSTDATE,3,4,DUP
BKPOXH,1,BKPOX_POSTDATE,3,4,DUP
BKPRACOM,1,BKPR_COMM_SLSP,14,2,DUP
BKPRAGNT,1,BKPR_AGNT_NUM,14,2,DUP
BKPRBOOK,1,BKPR_SLS_EMPNUM,14,2,DUP
BKPRCOMM,1,BKPR_COMM_SLSP,14,2,DUP
BKPRCURP,1,BKPR_CURP_EMPNM,14,2,DUP
BKPRFTAX,1,BKPR_TAX_CODE,0,3,DUP
BKPRGLFL,1,BKPR_GL_STCODE,0,2,DUP
BKPRHCOM,1,BKPR_COMM_SLSP,14,2,DUP
BKPRHIST,1,BKPR_CURP_EMPNM,14,2,DUP
BKPRINFO,1,BKPR_INFO_NUM,14,2,DUP
BKPRMSTR,1,BKPR_EMP_NUM,14,2,DUP
BKPRSALE,1,BKPR_SLS_EMPNUM,14,2,DUP
BKPRSTFL,1,BKPR_ST_STCODE,0,2,DUP
BKPRTC,1,BKPR_TC_EMP,14,2,DUP
BKPRTCFG,1,BKPRT_CFG_KEY,0,2,DUP
BKPRW2,1,BKPR_EMP_NUM,14,2,DUP
BKPSUSER,1,BKPS_USER_CODE,0,15,DUP
BKQCMSTR,1,BKQC_VEND_CODE,0,10,DUP
BKQCMSTR,2,BKQC_RECV_DATE,3,4,DUP
BKQCMSTR,3,BKQC_PO_NUM,2,8,DUP
BKQCMSTR,4,BKQC_RECVR_NUM,2,8,DUP
BKQCMSTR,5,BKQC_POL_ITM_NO,0,10,DUP
BKQCTRAN,1,BKQC_TRN_PO,2,8,DUP
BKQCTRAN,2,BKQC_TRN_RECVNM,2,8,DUP
BKQTNOTE,1,BK_DESC_CODE,0,15,DUP
BKQTTEMP,1,BK_DESC_CODE,0,15,DUP
BKRFQ,1,BKRFQ_NUM,2,8,DUP
BKRFQDES,1,BK_DESC_CODE,0,15,DUP
BKRTCST,1,BKRT_QUOTE,2,8,DUP
BKRTEMTR,1,MTRO_CODE,0,15,DUP
BKRTSPEC,1,BKRT_SPEC_PART,0,15,DUP
BKRTTEMP,1,BKRT_TEMP_CODE,0,15,DUP
BKSAREPT,1,BKSA_TYPE,0,8,DUP
BKSAREPT,2,BKSA_NAME,0,15,DUP
BKSBMFG,1,BKSB_MFG_PARNT,0,15,DUP
BKSBMFG,2,BKSB_MFG_PROD,0,15,DUP
BKSBMFG,3,BKSB_MFG_CUST,0,10,DUP
BKSBMFG,4,BKSB_MFG_MANUF,0,25,DUP
BKSBPART,1,BKSB_PART_PARNT,0,15,DUP
BKSBPART,2,BKSB_PART_PROD,0,15,DUP
BKSBPART,3,BKSB_PART_CUST,0,10,DUP
BKSBVEND,1,BKSB_VEND_PARNT,0,15,DUP
BKSBVEND,2,BKSB_VEND_PROD,0,15,DUP
BKSBVEND,3,BKSB_VEND_CUST,0,10,DUP
BKSHORT,1,BK_SHORT_PCODE,0,15,DUP
BKSOHLOT,1,BKAR_TXN_SONUM,2,8,DUP
BKSOHSER,1,BKAR_TXN_SONUM,2,8,DUP
BKSOLOCK,1,BKSO_LOCK_REC,0,10,DUP
BKSONOTE,1,BK_DESC_CODE,0,15,DUP
BKSOPO,1,BKMRP_PO_VEND,0,10,DUP
BKSOX,1,BKSOX_POSTDATE,3,4,DUP
BKSOXH,1,BKSOX_POSTDATE,3,4,DUP
BKSYAP,1,BKSY_AP_PONUM,2,8,DUP
BKSYAR,1,BKSY_AR_TRXN,2,8,DUP
BKSYCFG,1,BKSY_CFG_ACCTG,0,1,DUP
BKSYLOG,1,BKSY_LOGON_CODE,0,15,DUP
BKSYMSTR,1,BKSY_ARINV_NUM,2,8,DUP
BKSYPRTR,1,BKSY_PRTR_NAME,0,30,DUP
BKUMSRTY,1,SCRTY_LEVEL,0,2,DUP
BKUMSRTY,2,SCRTY_MENU,14,2,DUP
BKWOPO,1,BKMRP_PO_VEND,0,10,DUP
BKYSMSTR,1,BKYS_WONUM,2,8,DUP
BOMCHG,1,BOM_CHG_PARENT,0,15,DUP
BOMCHG,2,BOM_CHG_COMP,0,15,DUP
BOMCHG,3,BOM_CHG_CDATE,3,4,DUP
BUCKETS,1,BUK_WOPRE,2,8,DUP
BUCKETS,2,BUK_WOSUF,14,2,DUP
CALENDAR,1,MTCAL_DATE,3,4,DUP
CALTEMP,1,SHP_DATE,2,8,DUP
CCEDIXRF,1,CC_EDI_CUSTCODE,0,10,DUP
CLASMSTR,1,MTCLASS_M_CLASS,0,4,
CLASS,1,MTCLASS_CLASS,0,4,DUP
CUSTCLAS,1,MTCLASS_M_CLASS,0,4,
DBACNAME,1,CNAME_CODE,0,2,DUP
DBAFIFO,1,FIFO_PARTNO,0,15,DUP
DBAFIFO,2,FIFO_RECVDATE,3,4,DUP
DISCOUNT,1,BKIC_PMAT_CUST,0,10,DUP
DPTMENT,1,DPT_CODE,0,4,DUP
EIMCOLST,1,EIMCO_DEPT,0,30,DUP
EMERSNGL,1,BKGL_ACCT,0,10,DUP
ESTCHGS,1,MTESCH_QUOTE,2,8,
ESTMAT,1,MTESMAT_QUOTE,2,8,
ESTROUT,1,MTESRO_QUOTE,2,8,DUP
ESTSUM,1,MTESUM_QUOTE,2,8,DUP
HELPURL,1,HELP_URL_REF,0,10,
INVATXN,1,MTIT_TYPE,0,1,DUP
INVETXN,1,MTIT_TYPE,0,1,DUP
INVTXN,1,MTIT_TYPE,0,1,DUP
IS2DBAR,1,IS2D_BAR_CODE,0,10,DUP
IS2DBAR,2,IS2D_BAR_TYPE,0,10,DUP
IS2DBAR,3,IS2D_BAR_ORDER,14,2,DUP
ISACAR,1,IS_NCR_NUM,2,8,DUP
ISACARFU,1,IS_CARFUP_CAR,2,8,DUP
ISACCESS,1,IS_ACC_DFM,0,64,DUP
ISACCESS,2,IS_ACC_NAME,0,10,DUP
ISACTION,1,IS_ACTION_TYPE,0,10,DUP
ISACYCLE,1,IS_CYCL_SEMP,14,2,DUP
ISACYCLE,2,IS_CYCL_DATE,3,4,DUP
ISACYCLE,3,IS_CYCL_CODE,0,4,DUP
ISACYLOC,1,IS_CYLOC_PART,0,15,DUP
ISACYLOC,2,IS_CYLOC_DATE,3,4,DUP
ISALINKS,1,IS_LNK_UID,0,48,DUP
ISALOT,1,MTLOT_CODE,0,15,DUP
ISALPART,1,BKSB_PART_PARNT,0,15,DUP
ISALPART,2,BKSB_PART_PROD,0,15,DUP
ISALPART,3,BKSB_PART_CUST,0,10,DUP
ISAMRPF,1,BKMRP_FC_PART,0,15,DUP
ISANCR,1,IS_NCR_NUM,2,8,DUP
ISANOTES,1,IS_NOTE_ID,0,48,DUP
ISAPACHK,1,BKAP_CHK_VNDCOD,0,10,DUP
ISAPACHK,2,BKAP_CHK_INVNUM,0,10,DUP
ISAPAINL,1,BKAP_INVL_CODE,0,10,DUP
ISAPAINL,2,BKAP_INVL_NUM,0,10,DUP
ISAPAINT,1,BKAP_INVT_CODE,0,10,DUP
ISAPARFL,1,BKAP_POL_PONM,2,8,DUP
ISAPARFQ,1,BKAP_PO_NUM,2,8,DUP
ISAPAVND,1,BKAP_VENDCODE,0,10,
ISAPCHG,1,ISAP_CHG_PONUM,2,8,DUP
ISAPCHG,2,ISAP_CHG_LINEID,14,2,DUP
ISAPCHG,3,ISAP_CHG_CDATE,3,4,DUP
ISAPEX,1,ISAPEX_VEND,0,10,DUP
ISAPHCHG,1,ISAP_CHG_PONUM,2,8,DUP
ISAPHCHG,2,ISAP_CHG_LINEID,14,2,DUP
ISAPHCHG,3,ISAP_CHG_CDATE,3,4,DUP
ISAPHQT,1,BKRFQ_NUM,2,8,DUP
ISAPOPO,1,BKAP_PO_NUM,2,8,DUP
ISAPOPOL,1,BKAP_POL_PONM,2,8,DUP
ISAPPROJ,1,ISAP_PROJ_VEND,0,10,DUP
ISAPPROJ,2,ISAP_PROJ_INV,0,10,DUP
ISAPPROJ,3,ISAP_PROJ_LINE,14,2,DUP
ISAPQPO,1,ISAP_QPO_PCODE,0,15,DUP
ISAPQTQT,1,BKRFQ_NUM,2,8,DUP
ISARACHG,1,ISAR_CHG_SONUM,2,8,DUP
ISARACHG,2,ISAR_CHG_LINEID,2,8,DUP
ISARACHG,3,ISAR_CHG_CDATE,3,4,DUP
ISARACHK,1,BKAP_CHK_VNDCOD,0,10,DUP
ISARACHK,2,BKAP_CHK_INVNUM,0,10,DUP
ISARACST,1,BKAR_CUSTCODE,0,10,
ISARADSC,1,BK_DESC_CODE,0,15,DUP
ISARAHDS,1,BK_DESC_CODE,0,15,DUP
ISARAHIL,1,BKAR_INVL_INVNM,2,8,DUP
ISARAHIN,1,BKAR_INV_NUM,2,8,DUP
ISARAHTX,1,BKAR_TAX_INVNO,2,8,DUP
ISARAINT,1,BKAR_INVT_CODE,0,10,DUP
ISARAINT,2,BKAR_INVT_DATE,3,4,DUP
ISARAINT,3,BKAR_INVT_NUM,2,8,DUP
ISARAINV,1,BKAR_INV_NUM,2,8,DUP
ISARAIVI,1,BKAR_INVI_SONUM,2,8,DUP
ISARAIVL,1,BKAR_INVL_INVNM,2,8,DUP
ISARAIVV,1,BKAR_INVV_CODE,0,10,DUP
ISARAIVV,2,BKAR_INVV_NUM,0,6,DUP
ISARAT,1,BKART_TRXN,2,8,DUP
ISARATNT,1,BKART_NOT_TRXN,2,8,DUP
ISARATXN,1,BKAR_TXN_SONUM,2,8,DUP
ISARATXS,1,BKAR_TXN_SONUM,2,8,DUP
ISARCHG,1,ISAR_CHG_SONUM,2,8,DUP
ISARCHG,2,ISAR_CHG_LINEID,2,8,DUP
ISARCHG,3,ISAR_CHG_CDATE,3,4,DUP
ISARDEPL,1,ISAR_DEPL_SO,2,8,DUP
ISARDEPL,2,ISAR_DEPL_ITEM,0,15,DUP
ISARDEPL,3,ISAR_DEPL_DATEC,3,4,DUP
ISARECHG,1,ISAR_CHG_SONUM,2,8,DUP
ISARECHG,2,ISAR_CHG_LINEID,2,8,DUP
ISARECHG,3,ISAR_CHG_CDATE,3,4,DUP
ISAREMND,1,IS_REM_DATE,3,4,DUP
ISAREMND,2,IS_REM_TIME,4,4,DUP
ISAREMND,3,IS_REM_WHO,0,20,DUP
ISAREX,1,ISAREX_CUST,0,10,DUP
ISARFQ,1,BKRFQ_NUM,2,8,DUP
ISARHCHG,1,ISAR_CHG_SONUM,2,8,DUP
ISARHCHG,2,ISAR_CHG_LINEID,2,8,DUP
ISARHCHG,3,ISAR_CHG_CDATE,3,4,DUP
ISARHJDL,1,ISAR_JD_INVNUM,2,8,DUP
ISARHJDL,2,ISAR_JD_CNTR,14,2,DUP
ISARICHG,1,ISAR_CHG_SONUM,2,8,DUP
ISARICHG,2,ISAR_CHG_LINEID,2,8,DUP
ISARICHG,3,ISAR_CHG_CDATE,3,4,DUP
ISARINVX,1,ISAR_INV_SONUM,2,8,DUP
ISARJDLP,1,ISAR_JD_INVNUM,2,8,DUP
ISARJDLP,2,ISAR_JD_CNTR,14,2,DUP
ISARMCHG,1,ISAR_CHG_SONUM,2,8,DUP
ISARMCHG,2,ISAR_CHG_LINEID,2,8,DUP
ISARMCHG,3,ISAR_CHG_CDATE,3,4,DUP
ISARQCHG,1,ISAR_CHG_SONUM,2,8,DUP
ISARQCHG,2,ISAR_CHG_LINEID,2,8,DUP
ISARQCHG,3,ISAR_CHG_CDATE,3,4,DUP
ISARRCHG,1,ISAR_CHG_SONUM,2,8,DUP
ISARRCHG,2,ISAR_CHG_LINEID,2,8,DUP
ISARRCHG,3,ISAR_CHG_CDATE,3,4,DUP
ISARSCGH,1,ISAR_CHG_SONUM,2,8,DUP
ISARSCGH,2,ISAR_CHG_LINEID,2,8,DUP
ISARSCGH,3,ISAR_CHG_CDATE,3,4,DUP
ISARTXNB,1,ISAR_TXN_SONUM,2,8,DUP
ISASIGN,1,IS_SIGN_NUM,2,8,DUP
ISAUTODC,1,IS_AUTO_FILE,0,8,DUP
ISBANKS,1,IS_BANKS_NUM,14,2,DUP
ISBILLSH,1,IS_BILLSH_BILL,0,10,DUP
ISBINLOC,1,ISBIN_LOC_ITEM,0,15,DUP
ISBINLOT,1,IS_BINLOT_ITEM,0,15,DUP
ISBMESA,1,BKBM_PARENT,0,15,DUP
ISBMEST,1,BKBM_PARENT,0,15,DUP
ISBMTMP,1,BKBM_PARENT,0,15,DUP
ISBNMSTR,1,ISBN_MSTR_LOC,0,10,DUP
ISBOLMS,1,ISSO_BOX_SONUM,2,8,DUP
ISBRANDC,1,BKCM_ACCC_CCODE,0,5,DUP
ISBRANDS,1,BKCM_ACCL_CODE,0,10,DUP
ISBROKER,1,ISIS_BRK_CODE,0,10,DUP
ISBSF,1,ISBSF_STARTDATE,3,4,
ISBTCSB,1,ISSR_INFO_SRNUM,2,8,DUP
ISBUILD,1,IS_BUILD_UID,0,40,DUP
ISBUILD,2,IS_BUILD_SORT,0,150,DUP
ISCACT,1,IS_CACT_DUEDATE,3,4,DUP
ISCAR,1,IS_NCR_NUM,2,8,DUP
ISCARDTE,1,IS_CDTE_CAR,2,8,DUP
ISCARDTE,2,IS_CDTE_REL,14,2,DUP
ISCARFUP,1,IS_CARFUP_CAR,2,8,DUP
ISCATMST,1,IS_CATM_CODE,0,4,DUP
ISCC,1,IS_CC_CODE,0,10,DUP
ISCC,2,IS_CC_SORT,2,8,DUP
ISCCBTXN,1,ISCC_TXN_JOB,0,15,DUP
ISCCBTXN,2,ISCC_TXN_FABRIC,0,15,DUP
ISCCBTXN,3,ISCC_TXN_LOT,0,15,DUP
ISCCICM,1,ISCC_ICM_CODE,0,15,DUP
ISCCMTF,1,ISCC_MTF_ITEM,0,15,DUP
ISCCMTF,2,ISCC_MTF_MTF,0,60,DUP
ISCHAIN,1,IS_CHAIN_USER,0,15,DUP
ISCHAINM,1,IS_CHAIN_USER,0,15,DUP
ISCMGRP,1,ISCC_MTF_ITEM,0,15,DUP
ISCMGRP,2,ISCC_MTF_MTF,0,60,DUP
ISCONVRT,1,IS_CONV_ITEM,0,15,DUP
ISCRISLS,1,ISCR_SLS_CUST,0,10,DUP
ISCRISLS,2,ISCR_SLS_ITEM,0,15,DUP
ISCSERIA,1,IS_CSER_PART,0,15,DUP
ISCTEAM,1,IS_CTEAM_CAR,2,8,DUP
ISCTEAM,2,IS_CTEAM_ACTION,2,8,DUP
ISCTEAM,3,IS_CTEAM_NAME,0,15,DUP
ISCTREVU,1,IS_CREVU_EMPNME,0,25,DUP
ISCYCLCD,1,IS_CYCLE_CODE,0,4,DUP
ISCYCLE,1,IS_CYCL_SEMP,14,2,DUP
ISCYCLE,2,IS_CYCL_DATE,3,4,DUP
ISCYCLE,3,IS_CYCL_CODE,0,4,DUP
ISCYLOC,1,IS_CYLOC_PART,0,15,DUP
ISCYLOC,2,IS_CYLOC_DATE,3,4,DUP
ISDCSER,1,ISDC_SER_WOPRE,2,8,DUP
ISDCSER,2,ISDC_SER_WOSUF,14,2,DUP
ISDCSER,3,ISDC_SER_OPER,14,2,DUP
ISDCSER,4,ISDC_SER_EMP,14,2,DUP
ISDEFECT,1,IS_DEF_CODE,0,10,DUP
ISDEPT,1,IS_GF_DEPT,0,10,DUP
ISDIGSIG,1,IS_DSIG_EMP,14,2,DUP
ISDIV,1,IS_GF_DIV,0,10,DUP
ISDRILL,1,LOOKUP_FROM,0,30,DUP
ISDRILLM,1,DRILLM_PARENT,0,15,DUP
ISDRILLM,2,DRILLM_CHILD,0,15,DUP
ISDROP,1,IS_DROP_CODE,0,10,DUP
ISDUTY,1,ISIS_DUTY_DCODE,0,6,DUP
ISEAB,1,IS_EAB_USER,0,15,DUP
ISEAB,2,IS_EAB_EMAIL,0,30,DUP
ISECO,1,IS_ECO_DRAW,0,15,DUP
ISECO,2,IS_ECO_REVLVL,0,5,DUP
ISECO,3,IS_ECO_PART,0,15,DUP
ISEDINFO,1,ISSR_INFO_SRNUM,2,8,DUP
ISESADTL,1,IS_EST_NUM,2,8,DUP
ISESAHDR,1,BKAR_INV_NUM,2,8,DUP
ISESALNE,1,BKAR_INVL_INVNM,2,8,DUP
ISESCHED,1,IS_SCHED_NAME,0,50,DUP
ISESINFO,1,ISSR_INFO_SRNUM,2,8,DUP
ISESTAQL,1,BKAR_INVL_INVNM,2,8,DUP
ISESTAQT,1,BKAR_INV_NUM,2,8,DUP
ISESTASM,1,MTESUM_QUOTE,2,8,DUP
ISESTDTL,1,IS_EST_NUM,2,8,DUP
ISESTHDR,1,BKAR_INV_NUM,2,8,DUP
ISESTLNE,1,BKAR_INVL_INVNM,2,8,DUP
ISESTPO,1,BKMRP_PO_VEND,0,10,DUP
ISEXUSER,1,ISEX_USER_CODE,0,15,DUP
ISFIELDS,1,IS_FLDS_FD,0,8,
ISFIELDS,2,IS_FLDS_NUM,14,2,
ISFOBMRM,1,ISFO_BRM_UID,0,40,DUP
ISFOHEAD,1,ISFO_HDR_UID,0,40,
ISFOHIST,1,ISFO_HIST_UID,0,40,DUP
ISFOLINE,1,ISFO_LIN_UID,0,40,DUP
ISFOORDL,1,ISFO_ORDL_UID,0,40,DUP
ISFOORDL,2,ISFO_ORDL_LINE,14,2,DUP
ISFSCLAS,1,IS_FIB_CLASS,0,4,DUP
ISFSEMP,1,IS_FIB_CLASS,0,4,DUP
ISFSINFO,1,IS_FIB_PROGRAM,0,20,DUP
ISFSMARK,1,MTCLASS_M_CLASS,0,4,
ISFSPROJ,1,ISFS_PROJ_SEQ,14,2,DUP
ISFSPS,1,ISFS_PS_SONUM,2,8,DUP
ISFSPS,2,ISFS_PS_SOLIN,2,8,DUP
ISFSPS,3,ISFS_PS_SEQIN,14,2,DUP
ISFSWHO,1,ISFS_WHO_NAME,0,30,DUP
ISFUTYPE,1,IS_FUTYPE_TYPE,0,10,DUP
ISFXASST,1,IS_FXA_NUMBER,2,8,DUP
ISFXATRN,1,IS_FXT_NUMBER,2,8,DUP
ISFXATRN,2,IS_FXT_DATE,3,4,DUP
ISFXATRN,3,IS_FXT_POSTED,0,1,DUP
ISGLBDGT,1,ISGL_ACCT,0,10,DUP
ISGLCOA,1,ISGL_ACCT,0,10,DUP
ISGLDATE,1,ISGL_FYDATE,3,4,DUP
ISGLFCOA,1,ISGL_ACCT,0,10,DUP
ISGLHDAT,1,ISGL_FYDATE,3,4,DUP
ISGLNBGT,1,ISGL_BGT_ACCT,0,10,DUP
ISGLNBGT,2,ISGL_BGT_GLDPT,0,4,DUP
ISHLOTS,1,IS_SER_WOPRE,2,8,DUP
ISHLOTS,2,IS_SER_WOSUF,14,2,DUP
ISHSERIA,1,IS_SER_WOPRE,2,8,DUP
ISHSERIA,2,IS_SER_WOSUF,14,2,DUP
ISICADT,1,BKIC_PROD_CODE,0,15,DUP
ISICAMTR,1,IS_PROD_CODE,0,15,DUP
ISICAPMT,1,BKIC_PMAT_CUST,0,10,DUP
ISICAREF,1,BKIC_REF_CUST,0,10,DUP
ISICESA,1,BKIC_PROD_CODE,0,15,DUP
ISICEST,1,BKIC_PROD_CODE,0,15,DUP
ISICINFO,1,ISSR_INFO_SRNUM,2,8,DUP
ISICMSTR,1,IS_PROD_CODE,0,15,DUP
ISICSTD,1,BKIC_PROD_CODE,0,15,DUP
ISICUL,1,ISIC_UL_CODE,0,10,DUP
ISIS,1,IS_TAX,0,1,DUP
ISISATAX,1,BKIS_TAX_CODE,0,10,DUP
ISISATAX,2,BKIS_TAX_TRFLAG,0,1,DUP
ISISATAX,3,BKIS_TAX_DATE,3,4,DUP
ISITMCFG,1,IS_SERC_ITEM,0,15,DUP
ISITP,1,IS_ITP_NUM,0,20,DUP
ISJAVA,1,IS_JAVA_UID,0,40,
ISJBSF,1,ISBSF_STARTDATE,3,4,
ISJOB,1,IS_JOB_NUMB,0,15,DUP
ISLANDF,1,ISIS_LND_GLADT,0,10,DUP
ISLBLMAP,1,IS_LABEL_ITEM,0,15,DUP
ISLBLMAP,2,IS_LABEL_NUM,0,15,DUP
ISLINKS,1,IS_LNK_UID,0,48,DUP
ISLOCCST,1,IS_LCST_PART,0,15,DUP
ISLOCCST,2,IS_LCST_LOC,0,10,DUP
ISLOG,1,IS_LOG_WHO,0,35,DUP
ISLOTS,1,IS_SER_WOPRE,2,8,DUP
ISLOTS,2,IS_SER_WOSUF,14,2,DUP
ISLSMAP,1,IS_MAP_TRAYNUM,0,25,DUP
ISLTYPE,1,IS_LT_TYPE,0,3,DUP
ISMACS,1,IS_MACS_WOPRE,2,8,DUP
ISMACS,2,IS_MACS_WOSUF,14,2,DUP
ISMACS,3,IS_MACS_OPER,14,2,DUP
ISMCF,1,ISIS_MCF_CODE,0,3,
ISMCR,1,ISIS_MCR_DATE,3,4,
ISMICADT,1,MTIC_PROD_CLASS,0,4,DUP
ISMICESA,1,MTIC_PROD_CLASS,0,4,DUP
ISMICEST,1,MTIC_PROD_CLASS,0,4,DUP
ISMICSTD,1,MTIC_PROD_CLASS,0,4,DUP
ISMRPFC,1,BKMRP_FC_PART,0,15,DUP
ISMRPOLD,1,MTMRP_PARTNO,0,15,DUP
ISMYBOM,1,BKBM_PARENT,0,15,DUP
ISNCR,1,IS_NCR_NUM,2,8,DUP
ISNCRLNS,1,IS_NCRLN_NCR,2,8,DUP
ISNCRLNS,2,IS_NCRLN_CNTR,14,2,DUP
ISNCRTXN,1,MTWOR_WOPRE,2,8,DUP
ISNCRTXN,2,MTWOR_WOSUF,14,2,DUP
ISNOTES,1,IS_NOTE_ID,0,48,DUP
ISNTYPE,1,IS_NT_TYPE,0,3,DUP
ISNUMBER,1,IS_NUM_CODE,0,10,DUP
ISORDDSC,1,IORD_DESC_CODE,0,30,DUP
ISORDECO,1,IS_OECO_SONUM,2,8,DUP
ISORDECO,2,IS_OECO_UNUM,2,8,DUP
ISORDECO,3,IS_OECO_PART,0,15,DUP
ISPMINPR,1,ISQC_SPC_LRNUM,2,8,DUP
ISPMMTHD,1,ISQC_MTD_TSTCOD,0,30,DUP
ISPMRSLT,1,ISQC_SPC_LRNUM,2,8,DUP
ISPMSPEC,1,ISQC_SPC_LRNUM,2,8,DUP
ISPOBOX,1,ISSO_BOX_SONUM,2,8,DUP
ISPODESC,1,IORD_DESC_CODE,0,30,DUP
ISPOHTRK,1,IS_TRK_ORD,2,8,DUP
ISPOHTRK,2,IS_TRK_NUM,0,25,DUP
ISPOHTRK,3,IS_TRK_CDATE,3,4,DUP
ISPOLOG,1,ISPO_LOG_DATE,3,4,DUP
ISPOLOG,2,ISPO_LOG_EMP,14,2,DUP
ISPOS,1,BKCM_ACCL_CODE,0,10,DUP
ISPOSC,1,BKCM_ACCC_CCODE,0,5,DUP
ISPOTRK,1,IS_TRK_ORD,2,8,DUP
ISPOTRK,2,IS_TRK_NUM,0,25,DUP
ISPOTRK,3,IS_TRK_CDATE,3,4,DUP
ISPRACON,1,ISPR_CNS_EMP,14,2,DUP
ISPRAHST,1,BKPR_CURP_EMPNM,14,2,DUP
ISPRAINF,1,BKPR_INFO_NUM,14,2,DUP
ISPRAMST,1,BKPR_EMP_NUM,14,2,DUP
ISPRCONS,1,ISPR_CNS_EMP,14,2,DUP
ISPREQ,1,IS_PREQ_WOPRE,2,8,DUP
ISPREQ,2,IS_PREQ_WOSUF,14,2,DUP
ISPREQ,3,IS_PREQ_PART,0,15,DUP
ISPRESN,1,IS_PRESN_REASON,0,30,DUP
ISPRINFO,1,ISPR_INFO_PROG,0,30,DUP
ISPRMSTR,1,BKPR_EMP_NUM,14,2,DUP
ISPRSALE,1,BKPR_SLS_EMPNUM,14,2,DUP
ISPRTEMP,1,ISPR_TRN_GLACCT,0,10,DUP
ISPRTEMP,2,ISPR_TRN_GLDPT,0,4,DUP
ISPRTEMP,3,ISPR_TRN_DATE,3,4,DUP
ISPRUDD,1,ISPR_UDD_EMP,14,2,DUP
ISPRUDD,2,ISPR_UDD_NUM,14,2,DUP
ISPRUDF,1,ISPR_UDF_DIV,0,4,DUP
ISPRUDF,2,ISPR_UDF_NUM,2,8,DUP
ISPRUDIV,1,ISPR_UD_DIV,0,4,DUP
ISPRUDIV,2,ISPR_UD_NUM,14,2,DUP
ISQCAMST,1,BKQC_VEND_CODE,0,10,DUP
ISQCAMST,2,BKQC_RECV_DATE,3,4,DUP
ISQCAMST,3,BKQC_PO_NUM,2,8,DUP
ISQCAMST,4,BKQC_RECVR_NUM,2,8,DUP
ISQCAMST,5,BKQC_POL_ITM_NO,0,10,DUP
ISQCATRN,1,BKQC_TRN_PO,2,8,DUP
ISQCATRN,2,BKQC_TRN_RECVNM,2,8,DUP
ISQCMTHD,1,ISQC_MTD_TSTCOD,0,30,DUP
ISQCRSLT,1,ISQC_SPC_LRNUM,2,8,DUP
ISQCSPEC,1,ISQC_SPC_LRNUM,2,8,DUP
ISQRYSQL,1,IS_QRY_NAME,0,30,DUP
ISQSOA,1,IS_QSOA_UID,0,40,DUP
ISQSOA,2,IS_QSOA_CUST,0,10,DUP
ISQTCODE,1,IS_CATM_CODE,0,4,DUP
ISQTINFO,1,ISSR_INFO_SRNUM,2,8,DUP
ISREMIND,1,IS_REM_DATE,3,4,DUP
ISREMIND,2,IS_REM_TIME,4,4,DUP
ISREMIND,3,IS_REM_WHO,0,20,DUP
ISREPDEF,1,ISREP_DEF_LABEL,0,5,DUP
ISREPLNK,1,ISREP_LNK_REPNM,14,2,DUP
ISREPORD,1,ISREP_ORD_INVNM,2,8,DUP
ISREPORD,2,ISREP_ORD_ULID,2,8,DUP
ISREPORD,3,ISREP_ORD_REPNM,14,2,DUP
ISRFQADS,1,BK_DESC_CODE,0,15,DUP
ISRLPART,1,BKSB_PART_PARNT,0,15,DUP
ISRLPART,2,BKSB_PART_PROD,0,15,DUP
ISRLPART,3,BKSB_PART_CUST,0,10,DUP
ISRMAAI,1,IS_RMA_NUM,2,8,DUP
ISRMAC,1,IS_RMA_CODE,0,30,DUP
ISRMADSC,1,BK_DESC_CODE,0,15,DUP
ISRMAI,1,IS_RMA_NUM,2,8,DUP
ISRMAINF,1,ISSR_INFO_SRNUM,2,8,DUP
ISRMAINV,1,BKAR_INV_NUM,2,8,DUP
ISRMAIVL,1,BKAR_INVL_INVNM,2,8,DUP
ISRMATXN,1,BKAR_TXN_SONUM,2,8,DUP
ISRMATXS,1,BKAR_TXN_SONUM,2,8,DUP
ISRMDESC,1,BK_DESC_CODE,0,15,DUP
ISRMHINF,1,ISSR_INFO_SRNUM,2,8,DUP
ISRMINFO,1,ISSR_INFO_SRNUM,2,8,DUP
ISRMINV,1,BKAR_INV_NUM,2,8,DUP
ISRMINVL,1,BKAR_INVL_INVNM,2,8,DUP
ISRMTXN,1,BKAR_TXN_SONUM,2,8,DUP
ISRMTXNS,1,BKAR_TXN_SONUM,2,8,DUP
ISROUTEX,1,IS_ROUT_CODE,0,15,DUP
ISROUTEX,2,IS_ROUT_OPER,14,2,DUP
ISRTESA,1,MTRO_CODE,0,15,DUP
ISRTEST,1,MTRO_CODE,0,15,DUP
ISRTLOAD,1,IS_LOAD_SONUM,2,8,DUP
ISRTLOAD,2,IS_LOAD_ITEM,0,15,DUP
ISRTLOAD,3,IS_LOAD_SCCOGS,2,8,DUP
ISRTMS,1,IS_RTM_CUST,0,10,DUP
ISSBAMFG,1,BKSB_MFG_PARNT,0,15,DUP
ISSBAMFG,2,BKSB_MFG_PROD,0,15,DUP
ISSBAMFG,3,BKSB_MFG_CUST,0,10,DUP
ISSBAMFG,4,BKSB_MFG_MANUF,0,25,DUP
ISSBAPRT,1,BKSB_PART_PARNT,0,15,DUP
ISSBAPRT,2,BKSB_PART_PROD,0,15,DUP
ISSBAPRT,3,BKSB_PART_CUST,0,10,DUP
ISSBAVND,1,BKSB_VEND_PARNT,0,15,DUP
ISSBAVND,2,BKSB_VEND_PROD,0,15,DUP
ISSBAVND,3,BKSB_VEND_CUST,0,10,DUP
ISSCHED,1,IS_SCHED_NAME,0,50,DUP
ISSCOMP,1,IS_SCOMP_DETAIL,0,20,DUP
ISSCOMP,2,IS_SCOMP_COMPND,0,30,DUP
ISSDET,1,IS_SDET_DETAIL,0,20,DUP
ISSEDH,1,BKAR_INV_NUM,2,8,DUP
ISSEDL,1,BKAR_INVL_INVNM,2,8,DUP
ISSEPROC,1,IS_SEPROC_PROC,0,25,DUP
ISSEQUIP,1,IS_SEQUIP_NAME,0,20,DUP
ISSERCNT,1,IS_SERC_ITEM,0,15,DUP
ISSERIAL,1,IS_SER_WOPRE,2,8,DUP
ISSERIAL,2,IS_SER_WOSUF,14,2,DUP
ISSERR,1,IS_SERR_WOPRE,2,8,DUP
ISSERR,2,IS_SERR_WOSUF,14,2,DUP
ISSERR,3,IS_SERR_OPER,14,2,DUP
ISSERR,4,IS_SERR_DATE,3,4,DUP
ISSERR,5,IS_SERR_TIME,4,4,DUP
ISSESH,1,BKAR_INV_NUM,2,8,DUP
ISSESL,1,BKAR_INVL_INVNM,2,8,DUP
ISSETYPE,1,IS_SETYPE_ERR,0,25,DUP
ISSHIPA,1,IS_SHPA_CODE,0,10,DUP
ISSHIPCO,1,IS_SHIP_SHPCOD,0,10,DUP
ISSHPVIA,1,IS_SHPVIA_CUST,0,10,DUP
ISSIGN,1,IS_SIGN_NUM,2,8,DUP
ISSLSFC,1,BKMRP_FC_PART,0,15,DUP
ISSMTCFG,1,IS_SMT_WOPRE,2,8,DUP
ISSMTCFG,2,IS_SMT_WOSUF,14,2,DUP
ISSMTCFG,3,IS_SMT_OPER,0,3,DUP
ISSMTCFG,4,IS_SMT_MACHINE,0,4,DUP
ISSNINV,1,BKAR_INV_NUM,2,8,DUP
ISSNINVL,1,BKAR_INVL_INVNM,2,8,DUP
ISSNOTES,1,IS_NOTE_ID,0,48,DUP
ISSNTXN,1,BKAR_TXN_SONUM,2,8,DUP
ISSNTXNB,1,ISAR_TXN_SONUM,2,8,DUP
ISSNTXNS,1,BKAR_TXN_SONUM,2,8,DUP
ISSOABOX,1,ISSO_BOX_SONUM,2,8,DUP
ISSOAHBX,1,ISSO_BOX_SONUM,2,8,DUP
ISSOAINF,1,ISSR_INFO_SRNUM,2,8,DUP
ISSOALOT,1,BKAR_TXN_SONUM,2,8,DUP
ISSOASER,1,BKAR_TXN_SONUM,2,8,DUP
ISSOBOX,1,ISSO_BOX_SONUM,2,8,DUP
ISSODIGS,1,IS_DSIG_EMP,14,2,DUP
ISSOHBOX,1,ISSO_BOX_SONUM,2,8,DUP
ISSOHINF,1,ISSR_INFO_SRNUM,2,8,DUP
ISSOINFO,1,ISSR_INFO_SRNUM,2,8,DUP
ISSOREVU,1,IS_SOVU_SONUM,2,8,DUP
ISSPC,1,IS_SPC_WOPRE,2,8,DUP
ISSPC,2,IS_SPC_WOSUF,14,2,DUP
ISSPC,3,IS_SPC_OPER,14,2,DUP
ISSPC,4,IS_SPC_TYPE,0,20,DUP
ISSPOH,1,BKAP_PO_NUM,2,8,DUP
ISSPOL,1,BKAP_POL_PONM,2,8,DUP
ISSQTH,1,BKAR_INV_NUM,2,8,DUP
ISSQTL,1,BKAR_INVL_INVNM,2,8,DUP
ISSRADSC,1,BK_DESC_CODE,0,15,DUP
ISSRAINF,1,ISSR_INFO_SRNUM,2,8,DUP
ISSRAINV,1,BKAR_INV_NUM,2,8,DUP
ISSRAIVL,1,BKAR_INVL_INVNM,2,8,DUP
ISSRAMMS,1,ISSR_MMS_SRVNUM,2,8,DUP
ISSRATXN,1,BKAR_TXN_SONUM,2,8,DUP
ISSRATXS,1,BKAR_TXN_SONUM,2,8,DUP
ISSRCH,1,BKAR_INV_NUM,2,8,DUP
ISSRCL,1,BKAR_INVL_INVNM,2,8,DUP
ISSRDESC,1,BK_DESC_CODE,0,15,DUP
ISSRFQH,1,BKAP_PO_NUM,2,8,DUP
ISSRFQL,1,BKAP_POL_PONM,2,8,DUP
ISSRHINF,1,ISSR_INFO_SRNUM,2,8,DUP
ISSRINFO,1,ISSR_INFO_SRNUM,2,8,DUP
ISSRINV,1,BKAR_INV_NUM,2,8,DUP
ISSRINVL,1,BKAR_INVL_INVNM,2,8,DUP
ISSRMH,1,BKAR_INV_NUM,2,8,DUP
ISSRMINV,1,BKAR_INV_NUM,2,8,DUP
ISSRMIVL,1,BKAR_INVL_INVNM,2,8,DUP
ISSRML,1,BKAR_INVL_INVNM,2,8,DUP
ISSRMMS,1,ISSR_MMS_SRVNUM,2,8,DUP
ISSRTXN,1,BKAR_TXN_SONUM,2,8,DUP
ISSRTXNS,1,BKAR_TXN_SONUM,2,8,DUP
ISSSOH,1,BKAR_INV_NUM,2,8,DUP
ISSSOL,1,BKAR_INVL_INVNM,2,8,DUP
ISSSRH,1,BKAR_INV_NUM,2,8,DUP
ISSSRL,1,BKAR_INVL_INVNM,2,8,DUP
ISSTEQUI,1,IS_STYPE_TYPE,0,60,DUP
ISSTRACK,1,IS_STRACK_WOPRE,2,8,DUP
ISSTRACK,2,IS_STRACK_WOSUF,14,2,DUP
ISSTRACK,3,IS_STRACK_OPER,14,2,DUP
ISSTRACK,4,IS_STRACK_DATE,3,4,DUP
ISSTRACK,5,IS_STRACK_TIME,4,4,DUP
ISSTTYPE,1,IS_STYPE_TYPE,0,60,DUP
ISSTYPE,1,IS_STYPE_TYPE,0,60,DUP
ISTAXFIL,1,ISIS_TXF_CODE,0,10,DUP
ISTAXGRP,1,ISIS_TXG_NAME,0,10,
ISTERMS,1,IS_TERMS_NUM,14,2,DUP
ISTOOLOG,1,ISTOOL_ITEM,0,15,DUP
ISTRIGRS,1,IS_TRIG_TRIGR,0,10,DUP
ISTRIGRS,2,IS_TRIG_CODE,0,15,DUP
ISUDFINV,1,IS_UDF_NAME,0,15,DUP
ISUDMSTR,1,IS_UDM_CODE,0,25,DUP
ISUSAGE,1,ISTS_USE_CODE,0,15,DUP
ISVAR,1,IS_VAR_COMPANY,0,30,DUP
ISVARSQL,1,IS_VAR_QNAME,0,30,DUP
ISVARSQL,2,IS_VAR_ORDER,14,2,DUP
ISVNDADT,1,IS_VND_VEND,0,10,DUP
ISWOBINS,1,IS_TRAY_WOPRE,2,8,DUP
ISWOBINS,2,IS_TRAY_WOSUF,14,2,DUP
ISWOBINS,3,IS_TRAY_OPER,14,2,DUP
ISWOCLOG,1,IS_WOLOG_WOPRE,2,8,DUP
ISWOCLOG,2,IS_WOLOG_WOSUF,14,2,DUP
ISWODESC,1,BK_DESC_CODE,0,15,DUP
ISWOEX,1,IS_WOEX_WOPRE,2,8,DUP
ISWOEX,2,IS_WOEX_WOSUF,14,2,DUP
ISWOHBNS,1,IS_TRAY_WOPRE,2,8,DUP
ISWOHBNS,2,IS_TRAY_WOSUF,14,2,DUP
ISWOHBNS,3,IS_TRAY_OPER,14,2,DUP
ISWOHDSC,1,BK_DESC_CODE,0,15,DUP
ISWOHEX,1,IS_WOEX_WOPRE,2,8,DUP
ISWOHEX,2,IS_WOEX_WOSUF,14,2,DUP
ISWOPRIO,1,IS_WOPRIO_PRIO,0,1,DUP
ISWOQUE,1,IS_WOQUE_WOPRE,2,8,DUP
ISWOQUE,2,IS_WOQUE_WOSUF,14,2,DUP
ISWOROEX,1,IS_WROEX_WOPRE,2,8,DUP
ISWOROEX,2,IS_WROEX_WOSUF,14,2,DUP
ISWOROEX,3,IS_WROEX_OPER,14,2,DUP
ISWOTRAY,1,IS_TRAY_WOPRE,2,8,DUP
ISWOTRAY,2,IS_TRAY_WOSUF,14,2,DUP
ISWOTRAY,3,IS_TRAY_OPER,14,2,DUP
ISWROHEX,1,IS_WROEX_WOPRE,2,8,DUP
ISWROHEX,2,IS_WROEX_WOSUF,14,2,DUP
ISWROHEX,3,IS_WROEX_OPER,14,2,DUP
JGPITEMS,1,JGP_ITEM,0,15,DUP
JSPCNLCD,1,JSP_CNLCD_CODE,0,1,DUP
JSPCNLSO,1,JSP_CNLSO_SONUM,2,8,DUP
JSPCNLSO,2,JSP_CNLSO_UNUM,2,8,DUP
LANGDICT,1,LANG_DICT_ECAPT,0,80,DUP
LANGDICT,2,LANG_DICT_LANG,0,3,DUP
LOT,1,MTLOT_CODE,0,15,DUP
MACHINE,1,TMACH_MACHINE,0,4,DUP
MKAHIST,1,MKAHIST_ACCT,0,10,DUP
MKAHIST,2,MKAHIST_DATE,3,4,DUP
MKASSIGN,1,MKASSIGN_ACCT,0,10,DUP
MKDEF,1,MKDEF_REQUIRE,0,1,DUP
MKECLASS,1,MKECLASS_NUM,2,8,DUP
MKEVENT,1,MKEVENT_NUM,2,8,DUP
MKFORM,1,MKFORM_NUM,2,8,DUP
MKICLASS,1,MKECLASS_NUM,2,8,DUP
MKTCLASS,1,MKTCLASS_NUM,2,8,DUP
MKTNOTE,1,MKTNOTE_TRACK,2,8,DUP
MKTNOTE,2,MKTNOTE_LINE,14,2,DUP
MKTRACK,1,MKTRACK_NUM,2,8,DUP
MKTROUT,1,MKTROUT_TRACK,2,8,DUP
MKTROUT,2,MKTROUT_SEQ,14,2,DUP
MTEXCHG,1,EXCHG_QUOTE,2,8,DUP
MTICAMTR,1,MTIC_PROD_CLASS,0,4,DUP
MTICEMTR,1,MTIC_PROD_CLASS,0,4,DUP
MTICMSTR,1,MTIC_PROD_CLASS,0,4,DUP
MTINVDEF,1,MTIC_PROD_CLASS,0,4,DUP
MTMRP,1,MTMRP_PARTNO,0,15,DUP
MWOPTEMP,1,MWOP_STATUS,0,10,DUP
NOTETEMP,1,BK_DESC_CODE,0,15,DUP
NZITPRE,1,NZ_IPRE_PREFIX_1,2,8,DUP
OPQCDESC,1,OPQC_WOPRE,2,8,DUP
OPQCDESC,2,OPQC_WOSUF,14,2,DUP
OPQCDESC,3,OPQC_OPER,14,2,DUP
OUTHPROC,1,MTPO_WOPRE,2,8,DUP
OUTHPROC,2,MTPO_WOSUF,14,2,DUP
OUTHPROC,3,MTPO_DATE,3,4,DUP
OUTPROC,1,MTPO_WOPRE,2,8,DUP
OUTPROC,2,MTPO_WOSUF,14,2,DUP
OUTPROC,3,MTPO_DATE,3,4,DUP
PIBINLOC,1,PIBIN_LOC_ITEM,0,15,DUP
PIBINLOT,1,PI_BINLOT_ITEM,0,15,DUP
QCCODES,1,MTQC_CODE,0,2,DUP
ROCHG,1,RO_CHG_PART,0,15,DUP
ROCHG,2,RO_CHG_OPER,14,2,DUP
ROCHG,3,RO_CHG_CDATE,3,4,DUP
ROUTAING,1,MTRO_CODE,0,15,DUP
ROUTING,1,MTRO_CODE,0,15,DUP
ROUTTEMP,1,MTRO_CODE,0,15,DUP
SCHEDCAL,1,SCH_CAL_DATE,3,4,DUP
SCHWO,1,SWO_WOPRE,2,8,DUP
SCHWO,2,SWO_WOSUF,14,2,DUP
SCRAP,1,MTSCRAP_CODE,0,2,DUP
SERIAL,1,MTSER_CODE,0,15,DUP
SERIALH,1,MTSER_CODE,0,15,DUP
SUMCUST,1,SUMCUST_CUST,0,10,DUP
SUMCUST,2,SUMCUST_YEAR,14,2,DUP
SUMCUST,3,SUMCUST_MONTH,14,2,DUP
SUMINV,1,SUMINV_PARTNO,0,15,DUP
SUMINV,2,SUMINV_LOCATION,0,10,DUP
SUMINV,3,SUMINV_YEAR,14,2,DUP
SUMINV,4,SUMINV_MONTH,14,2,DUP
SUMPNCUS,1,SUMPNCUS_CUST,0,10,DUP
SUMPNCUS,2,SUMPNCUS_PARTNO,0,15,DUP
SUMPNCUS,3,SUMPNCUS_YEAR,14,2,DUP
SUMPNCUS,4,SUMPNCUS_MONTH,14,2,DUP
SUMWC,1,SUMWC_WORKCTR,0,12,DUP
SUMWC,2,SUMWC_YEAR,14,2,DUP
SUMWC,3,SUMWC_MONTH,14,2,DUP
TEMPOLD,1,BKCM_ACTD_CODE,0,10,DUP
TESTFILE,1,TESTFILE_1,0,10,DUP
TOOL,1,MTOOL_TOOL,0,15,DUP
VENDCLAS,1,MTCLASS_M_CLASS,0,4,
WCCTL,1,WCTL_WC,0,12,DUP
WCCTL,2,WCTL_START,2,8,DUP
WCTRLOAD,1,WC_LOAD_WC,0,12,DUP
WCTRSLOD,1,WC_LOAD_WC,0,12,DUP
WOBOM,1,WOBOM_OPER,14,2,DUP
WOBOM,2,WOBOM_WOPRE,2,8,DUP
WOBOM,3,WOBOM_WOSUF,14,2,DUP
WOBOMCHG,1,WBOM_CHG_WOPRE,2,8,DUP
WOBOMCHG,2,WBOM_CHG_WOSUF,14,2,DUP
WOBOMCHG,3,WBOM_CHG_PARENT,0,15,DUP
WOBOMCHG,4,WBOM_CHG_COMP,0,15,DUP
WOBOMCHG,5,WBOM_CHG_UID,0,20,DUP
WOBOMHRM,1,WOBOM_RM_WOPRE,2,8,DUP
WOBOMREM,1,WOBOM_RM_WOPRE,2,8,DUP
WODATE,1,WODATE_WOPRE,2,8,DUP
WODATE,2,WODATE_WOSUF,14,2,DUP
WODATE,3,WODATE_START,3,4,DUP
WODATE,4,WODATE_FINISH,3,4,DUP
WOELABOR,1,MTWOLA_OPER,14,2,DUP
WOELABOR,2,MTWOLA_DATE,3,4,DUP
WOELABOR,3,MTWOLA_WOPRE,2,8,DUP
WOEMAT,1,WOMAT_DATE,3,4,DUP
WOEMAT,2,WOMAT_WOPRE,2,8,DUP
WOEMAT,3,WOMAT_WOSUF,14,2,DUP
WOERECV,1,MTWOR_WOPRE,2,8,DUP
WOERECV,2,MTWOR_WOSUF,14,2,DUP
WOEXCHG,1,MTWO_EX_WOPRE,2,8,DUP
WOEXCHG,2,MTWO_EX_WOSUF,14,2,DUP
WOHBOM,1,WOBOM_OPER,14,2,DUP
WOHBOM,2,WOBOM_WOPRE,2,8,DUP
WOHBOM,3,WOBOM_WOSUF,14,2,DUP
WOHDATE,1,WODATE_WOPRE,2,8,DUP
WOHDATE,2,WODATE_WOSUF,14,2,DUP
WOHDATE,3,WODATE_START,3,4,DUP
WOHDATE,4,WODATE_FINISH,3,4,DUP
WOHEXCHG,1,MTWO_EX_WOPRE,2,8,DUP
WOHEXCHG,2,MTWO_EX_WOSUF,14,2,DUP
WOHLABOR,1,MTWOLA_OPER,14,2,DUP
WOHLABOR,2,MTWOLA_DATE,3,4,DUP
WOHLABOR,3,MTWOLA_WOPRE,2,8,DUP
WOHMAT,1,WOMAT_DATE,3,4,DUP
WOHMAT,2,WOMAT_WOPRE,2,8,DUP
WOHMAT,3,WOMAT_WOSUF,14,2,DUP
WOHRECV,1,MTWOR_WOPRE,2,8,DUP
WOHRECV,2,MTWOR_WOSUF,14,2,DUP
WOHROUT,1,MTWORO_WOPRE,2,8,DUP
WOLABOR,1,MTWOLA_OPER,14,2,DUP
WOLABOR,2,MTWOLA_DATE,3,4,DUP
WOLABOR,3,MTWOLA_WOPRE,2,8,DUP
WOLABRPT,1,MTWOLA_OPER,14,2,DUP
WOLABRPT,2,MTWOLA_DATE,3,4,DUP
WOLABRPT,3,MTWOLA_WOPRE,2,8,DUP
WOMAT,1,WOMAT_DATE,3,4,DUP
WOMAT,2,WOMAT_WOPRE,2,8,DUP
WOMAT,3,WOMAT_WOSUF,14,2,DUP
WORECV,1,MTWOR_WOPRE,2,8,DUP
WORECV,2,MTWOR_WOSUF,14,2,DUP
WORKACHG,1,WO_CHG_WOPRE,2,8,DUP
WORKACHG,2,WO_CHG_WOSUF,14,2,DUP
WORKACHG,3,WO_CHG_CDATE,3,4,DUP
WORKCHG,1,WO_CHG_WOPRE,2,8,DUP
WORKCHG,2,WO_CHG_WOSUF,14,2,DUP
WORKCHG,3,WO_CHG_CDATE,3,4,DUP
WORKCTR,1,MTWC_WC,0,12,DUP
WORKHORD,1,MTWO_WIP_WOPRE,2,8,DUP
WORKORD,1,MTWO_WIP_WOPRE,2,8,DUP
WORKSORD,1,MTWO_WIP_WOPRE,2,8,DUP
WOROCHG,1,WORO_CHG_WOPRE,2,8,DUP
WOROCHG,2,WORO_CHG_WOSUF,14,2,DUP
WOROCHG,3,WORO_CHG_OPER,14,2,DUP
WOROCHG,4,WORO_CHG_CDATE,3,4,DUP
WOROUT,1,MTWORO_WOPRE,2,8,DUP
WOROUTMP,1,MTWORO_WOPRE,2,8,DUP
WOSBOM,1,WOBOM_OPER,14,2,DUP
WOSBOM,2,WOBOM_WOPRE,2,8,DUP
WOSBOM,3,WOBOM_WOSUF,14,2,DUP
WOSROUT,1,MTWORO_WOPRE,2,8,DUP
X$Attrib,1,Xa$Id,14,2,
X$Attrib,2,Xa$Type,0,1,
X$Field,1,Xe$Id,14,2,
X$File,1,Xf$Id,14,2,
X$Index,1,Xi$File,14,2,DUP
X$Occurs,1,Xo$FileId,14,2,
X$Proc,1,Xp$Name,0,30,
X$Proc,2,Xp$Id,14,2,
X$Relate,1,Xr$PId,14,2,DUP
X$Rights,1,Xr$User,14,2,DUP
X$Trigger,1,Xt$Name,0,30,
X$Trigger,2,Xt$Sequence,14,2,
X$User,1,Xu$Id,14,2,DUP
X$Variant,1,Xvar$FileId,14,2,
X$View,1,Xv$Name,0,20,DUP
XXICMSTR,1,BKIC_PROD_CODE,0,15,DUP
