file,path,gen,module,module_name
ABICHECK.RTM,ABICHECK.RTM,Other,ABICHE,
act6lbl1.rtm,act6lbl1.rtm,Other,ACT6LB,
act6wlbl.rtm,act6wlbl.rtm,Other,ACT6WL,
act6wlbl1.rtm,act6wlbl1.rtm,Other,ACT6WL,
acT6WOS2.rtm,acT6WOS2.rtm,Other,ACT6WO,
archinv.rtm,archinv.rtm,Other,ARCHIN,
barcode1.rtm,barcode1.rtm,Other,BARCOD,
BKAPH1.RTM,BKAPH1.RTM,BK,AP,Accounts Payable
BKAPH2.RTM,BKAPH2.RTM,BK,AP,Accounts Payable
BKAPHA1.RTM,BKAPHA1.RTM,BK,AP,Accounts Payable
BKAPHA103009.RTM,BKAPHA103009.RTM,BK,AP,Accounts Payable
BKAPHA2.RTM,BKAPHA2.RTM,BK,AP,Accounts Payable
BKAPHA3.RTM,BKAPHA3.RTM,BK,AP,Accounts Payable
BKAPHA4.RTM,BKAPHA4.RTM,BK,AP,Accounts Payable
bkaphar1.rtm,bkaphar1.rtm,BK,AP,Accounts Payable
BKAPM1.RTM,BKAPM1.RTM,BK,AP,Accounts Payable
BKAPM2.RTM,BKAPM2.RTM,BK,AP,Accounts Payable
BKAPM3.RTM,BKAPM3.RTM,BK,AP,Accounts Payable
BKAPM4.RTM,BKAPM4.RTM,BK,AP,Accounts Payable
BKAPS1.RTM,BKAPS1.RTM,BK,AP,Accounts Payable
bkaps2.rtm,bkaps2.rtm,BK,AP,Accounts Payable
BKAPS3.RTM,BKAPS3.RTM,BK,AP,Accounts Payable
BKARE1.RTM,BKARE1.RTM,BK,AR,Accounts Receivable
BKARE2.RTM,BKARE2.RTM,BK,AR,Accounts Receivable
BKARE3.RTM,BKARE3.RTM,BK,AR,Accounts Receivable
Bkare4.rtm,Bkare4.rtm,BK,AR,Accounts Receivable
BKARG.RTM,BKARG.RTM,BK,AR,Accounts Receivable
BKARI1.RTM,BKARI1.RTM,BK,AR,Accounts Receivable
BKARI2.RTM,BKARI2.RTM,BK,AR,Accounts Receivable
BKARI3.RTM,BKARI3.RTM,BK,AR,Accounts Receivable
BKARI4.RTM,BKARI4.RTM,BK,AR,Accounts Receivable
BKARP1.RTM,BKARP1.RTM,BK,AR,Accounts Receivable
BKARPL1.RTM,BKARPL1.RTM,BK,AR,Accounts Receivable
BKAWC1.RTM,BKAWC1.RTM,BK,AW,
BKAWC2.RTM,BKAWC2.RTM,BK,AW,
bkawc3.rtm,bkawc3.rtm,BK,AW,
BKAWE1.RTM,BKAWE1.RTM,BK,AW,
BKAWE2.RTM,BKAWE2.RTM,BK,AW,
BKBOL1.rtm,BKBOL1.rtm,BK,BO,
BKCMBD1.RTM,BKCMBD1.RTM,BK,CM,Contact Master
BKCMBD2.RTM,BKCMBD2.RTM,BK,CM,Contact Master
BKCMBD3.RTM,BKCMBD3.RTM,BK,CM,Contact Master
BKCMBI1.RTM,BKCMBI1.RTM,BK,CM,Contact Master
BKDCE.RTM,BKDCE.RTM,BK,DC,Data Collection
BKDCF.RTM,BKDCF.RTM,BK,DC,Data Collection
BKDCG1.RTM,BKDCG1.RTM,BK,DC,Data Collection
BKDCG2.RTM,BKDCG2.RTM,BK,DC,Data Collection
BKESD1.RTM,BKESD1.RTM,BK,ES,Estimates
BKESD2.RTM,BKESD2.RTM,BK,ES,Estimates
BKESD3.RTM,BKESD3.RTM,BK,ES,Estimates
BKESD4.RTM,BKESD4.RTM,BK,ES,Estimates
BKING1.RTM,BKING1.RTM,BK,IN,Inventory
BKING2.RTM,BKING2.RTM,BK,IN,Inventory
BKING3.RTM,BKING3.RTM,BK,IN,Inventory
BKING42.RTM,BKING42.RTM,BK,IN,Inventory
bking43.RTM,bking43.RTM,BK,IN,Inventory
BKING44.RTM,BKING44.RTM,BK,IN,Inventory
Bking5.RTM,Bking5.RTM,BK,IN,Inventory
bkinlj1.rtm,bkinlj1.rtm,BK,IN,Inventory
BKISWCE1.RTM,BKISWCE1.RTM,BK,IS,
bkpica1.RTM,bkpica1.RTM,BK,PI,Physical Inventory
BKPOB1.RTM,BKPOB1.RTM,BK,PO,Purchase Orders
BKPOB2.RTM,BKPOB2.RTM,BK,PO,Purchase Orders
BKPOB3.RTM,BKPOB3.RTM,BK,PO,Purchase Orders
BKPOB3V.rtm,BKPOB3V.rtm,BK,PO,Purchase Orders
BKPOB4.RTM,BKPOB4.RTM,BK,PO,Purchase Orders
BKPOB4O.rtm,BKPOB4O.rtm,BK,PO,Purchase Orders
BKPOB5.RTM,BKPOB5.RTM,BK,PO,Purchase Orders
Bkpoe1.RTM,Bkpoe1.RTM,BK,PO,Purchase Orders
Bkpoe2.RTM,Bkpoe2.RTM,BK,PO,Purchase Orders
bkpoia1.RTM,bkpoia1.RTM,BK,PO,Purchase Orders
bkpoia2.RTM,bkpoia2.RTM,BK,PO,Purchase Orders
bkpoib1.RTM,bkpoib1.RTM,BK,PO,Purchase Orders
bkpoib2.RTM,bkpoib2.RTM,BK,PO,Purchase Orders
bkpoie1.RTM,bkpoie1.RTM,BK,PO,Purchase Orders
bkpoie1v.RTM,bkpoie1v.RTM,BK,PO,Purchase Orders
bkpoie2.RTM,bkpoie2.RTM,BK,PO,Purchase Orders
bkpoif1.RTM,bkpoif1.RTM,BK,PO,Purchase Orders
bkpoif2.RTM,bkpoif2.RTM,BK,PO,Purchase Orders
BKPOJA1.RTM,BKPOJA1.RTM,BK,PO,Purchase Orders
BKPOJA2.RTM,BKPOJA2.RTM,BK,PO,Purchase Orders
Bkprd1.RTM,Bkprd1.RTM,BK,PR,Payroll
BKPRD2.RTM,BKPRD2.RTM,BK,PR,Payroll
BKPRD4.RTM,BKPRD4.RTM,BK,PR,Payroll
Bkprlf1.rtm,Bkprlf1.rtm,BK,PR,Payroll
BKPRLG1.RTM,BKPRLG1.RTM,BK,PR,Payroll
BKPRLI.RTM,BKPRLI.RTM,BK,PR,Payroll
BKPRLI2.rtm,BKPRLI2.rtm,BK,PR,Payroll
BKRMA1.RTM,BKRMA1.RTM,BK,RM,RMA
BKSAM1.RTM,BKSAM1.RTM,BK,SA,Sales Analysis
BKSAM1c.rtm,BKSAM1c.rtm,BK,SA,Sales Analysis
BKSAM1L.RTM,BKSAM1L.RTM,BK,SA,Sales Analysis
BKSAN1.RTM,BKSAN1.RTM,BK,SA,Sales Analysis
BKSAN1c.rtm,BKSAN1c.rtm,BK,SA,Sales Analysis
BKSOB1.RTM,BKSOB1.RTM,BK,SO,Sales Orders
BKSOB2.RTM,BKSOB2.RTM,BK,SO,Sales Orders
BKSOB3.RTM,BKSOB3.RTM,BK,SO,Sales Orders
BKSOB4.RTM,BKSOB4.RTM,BK,SO,Sales Orders
BKSOC1.RTM,BKSOC1.RTM,BK,SO,Sales Orders
BKSOC1T.RTM,BKSOC1T.RTM,BK,SO,Sales Orders
BKSOC2.RTM,BKSOC2.RTM,BK,SO,Sales Orders
BKSOC2T.RTM,BKSOC2T.RTM,BK,SO,Sales Orders
BKSOC3.RTM,BKSOC3.RTM,BK,SO,Sales Orders
BKSOC3T.RTM,BKSOC3T.RTM,BK,SO,Sales Orders
BKSOC4.RTM,BKSOC4.RTM,BK,SO,Sales Orders
BKSOC4T.RTM,BKSOC4T.RTM,BK,SO,Sales Orders
BKSOD.RTM,BKSOD.RTM,BK,SO,Sales Orders
Bksod1.rtm,Bksod1.rtm,BK,SO,Sales Orders
BKSODD1.RTM,BKSODD1.RTM,BK,SO,Sales Orders
BKSODD2.RTM,BKSODD2.RTM,BK,SO,Sales Orders
BKSODH1.RTM,BKSODH1.RTM,BK,SO,Sales Orders
BKSODH2.RTM,BKSODH2.RTM,BK,SO,Sales Orders
BKSODM1.RTM,BKSODM1.RTM,BK,SO,Sales Orders
BKSODM2.RTM,BKSODM2.RTM,BK,SO,Sales Orders
BKSOF1.RTM,BKSOF1.RTM,BK,SO,Sales Orders
BKSOF2.RTM,BKSOF2.RTM,BK,SO,Sales Orders
Bksof3.RTM,Bksof3.RTM,BK,SO,Sales Orders
BKSOF3s.rtm,BKSOF3s.rtm,BK,SO,Sales Orders
BKSOF4.RTM,BKSOF4.RTM,BK,SO,Sales Orders
BKSOF6.RTM,BKSOF6.RTM,BK,SO,Sales Orders
BKSOF7.RTM,BKSOF7.RTM,BK,SO,Sales Orders
BKSOHA1.RTM,BKSOHA1.RTM,BK,SO,Sales Orders
BKSOHA2.RTM,BKSOHA2.RTM,BK,SO,Sales Orders
BKSOM1.RTM,BKSOM1.RTM,BK,SO,Sales Orders
BKSOM2.RTM,BKSOM2.RTM,BK,SO,Sales Orders
BKSOM3.RTM,BKSOM3.RTM,BK,SO,Sales Orders
BKSOM4.RTM,BKSOM4.RTM,BK,SO,Sales Orders
bksooj1.rtm,bksooj1.rtm,BK,SO,Sales Orders
bksooj2.rtm,bksooj2.rtm,BK,SO,Sales Orders
BKSOOK1.RTM,BKSOOK1.RTM,BK,SO,Sales Orders
BKSOPB1.RTM,BKSOPB1.RTM,BK,SO,Sales Orders
BKSOPB2.RTM,BKSOPB2.RTM,BK,SO,Sales Orders
BKSOPB3.RTM,BKSOPB3.RTM,BK,SO,Sales Orders
BKSOPB4.RTM,BKSOPB4.RTM,BK,SO,Sales Orders
BKSOPD1.RTM,BKSOPD1.RTM,BK,SO,Sales Orders
BKSOPD1L.rtm,BKSOPD1L.rtm,BK,SO,Sales Orders
BKSOPE1.RTM,BKSOPE1.RTM,BK,SO,Sales Orders
bksrb1.rtm,bksrb1.rtm,BK,SR,Service and Repair
bksrb2.rtm,bksrb2.rtm,BK,SR,Service and Repair
bksrb3.rtm,bksrb3.rtm,BK,SR,Service and Repair
bksrb4.rtm,bksrb4.rtm,BK,SR,Service and Repair
BKSRD1.RTM,BKSRD1.RTM,BK,SR,Service and Repair
BKSRD2.RTM,BKSRD2.RTM,BK,SR,Service and Repair
BKSRD3.RTM,BKSRD3.RTM,BK,SR,Service and Repair
BKSRD4.RTM,BKSRD4.RTM,BK,SR,Service and Repair
bksrf1.rtm,bksrf1.rtm,BK,SR,Service and Repair
bksrf2.rtm,bksrf2.rtm,BK,SR,Service and Repair
bksrf3.rtm,bksrf3.rtm,BK,SR,Service and Repair
bksrf4.rtm,bksrf4.rtm,BK,SR,Service and Repair
bksrf6.rtm,bksrf6.rtm,BK,SR,Service and Repair
bksrf7.rtm,bksrf7.rtm,BK,SR,Service and Repair
BKwoc1.RTM,BKwoc1.RTM,BK,WO,Work Orders
BKwoc1v.rtm,BKwoc1v.rtm,BK,WO,Work Orders
BKwoc2.RTM,BKwoc2.RTM,BK,WO,Work Orders
bkwoc3.rtm,bkwoc3.rtm,BK,WO,Work Orders
bkwoc4.RTM,bkwoc4.RTM,BK,WO,Work Orders
bkwolj1.rtm,bkwolj1.rtm,BK,WO,Work Orders
cashin.rtm,cashin.rtm,Other,CASHIN,
cenwoc1.rtm,cenwoc1.rtm,Other,CENWOC,
Checks.RTM,Checks.RTM,Other,CHECKS,
ct6woc1.rtm,ct6woc1.rtm,Other,CT6WOC,
ENABINV.rtm,ENABINV.rtm,Other,ENABIN,
ENAPI1.RTM,ENAPI1.RTM,Other,ENAPI1,
ENAPI2.RTM,ENAPI2.RTM,Other,ENAPI2,
ENAPI3.RTM,ENAPI3.RTM,Other,ENAPI3,
enARE1.RTM,enARE1.RTM,Other,ENARE1,
enare2.RTM,enare2.RTM,Other,ENARE2,
enare2a.rtm,enare2a.rtm,Other,ENARE2,
enare3.RTM,enare3.RTM,Other,ENARE3,
enare4.RTM,enare4.RTM,Other,ENARE4,
enare4e.rtm,enare4e.rtm,Other,ENARE4,
enare4ep.rtm,enare4ep.rtm,Other,ENARE4,
enare4is.rtm,enare4is.rtm,Other,ENARE4,
enare4pd.rtm,enare4pd.rtm,Other,ENARE4,
ENarf1.RTM,ENarf1.RTM,Other,ENARF1,
ENarf2.RTM,ENarf2.RTM,Other,ENARF2,
ENarf3.RTM,ENarf3.RTM,Other,ENARF3,
enarf4.RTM,enarf4.RTM,Other,ENARF4,
ENASOB3.RTM,ENASOB3.RTM,Other,ENASOB,
ENASOC3.RTM,ENASOC3.RTM,Other,ENASOC,
ENASOF3.RTM,ENASOF3.RTM,Other,ENASOF,
ENASOPB3.RTM,ENASOPB3.RTM,Other,ENASOP,
ENBMB1.RTM,ENBMB1.RTM,Other,ENBMB1,
ENBMI1.RTM,ENBMI1.RTM,Other,ENBMI1,
ENCOB3B.btm,ENCOB3B.btm,Other,ENCOB3,
ENCOB3B.RTM,ENCOB3B.RTM,Other,ENCOB3,
ENCOB4B.RTM,ENCOB4B.RTM,Other,ENCOB4,
enESB1.RTM,enESB1.RTM,Other,ENESB1,
enESD1.RTM,enESD1.RTM,Other,ENESD1,
enESD2.rtm,enESD2.rtm,Other,ENESD2,
enESD2M.rtm,enESD2M.rtm,Other,ENESD2,
enESD3.rtm,enESD3.rtm,Other,ENESD3,
enESD4.rtm,enESD4.rtm,Other,ENESD4,
ENFOB1.rtm,ENFOB1.rtm,Other,ENFOB1,
ENI2SINV.rtm,ENI2SINV.rtm,Other,ENI2SI,
ENINE1.RTM,ENINE1.RTM,Other,ENINE1,
ENJCA1.RTM,ENJCA1.RTM,Other,ENJCA1,
enmrg1.rtm,enmrg1.rtm,Other,ENMRG1,
enPOB1.rtm,enPOB1.rtm,Other,ENPOB1,
enPOB1L.rtm,enPOB1L.rtm,Other,ENPOB1,
enPOB2.rtm,enPOB2.rtm,Other,ENPOB2,
enPOB3.btm,enPOB3.btm,Other,ENPOB3,
enPOB3.rtm,enPOB3.rtm,Other,ENPOB3,
enPOB3B.RTM,enPOB3B.RTM,Other,ENPOB3,
enPOB4.rtm,enPOB4.rtm,Other,ENPOB4,
enPOB4B.btm,enPOB4B.btm,Other,ENPOB4,
enPOB4B.RTM,enPOB4B.RTM,Other,ENPOB4,
enpob4L.RTM,enpob4L.RTM,Other,ENPOB4,
enPOB4R.rtm,enPOB4R.rtm,Other,ENPOB4,
ENPOB4RA.RTM,ENPOB4RA.RTM,Other,ENPOB4,
enPOB4v.rtm,enPOB4v.rtm,Other,ENPOB4,
enPOE1.RTM,enPOE1.RTM,Other,ENPOE1,
enPOE2.btm,enPOE2.btm,Other,ENPOE2,
enPOE2.RTM,enPOE2.RTM,Other,ENPOE2,
enPOE2R.rtm,enPOE2R.rtm,Other,ENPOE2,
enPOE2v.rtm,enPOE2v.rtm,Other,ENPOE2,
enPOE5.RTM,enPOE5.RTM,Other,ENPOE5,
ENPOIG1.RTM,ENPOIG1.RTM,Other,ENPOIG,
ENPOIG2.RTM,ENPOIG2.RTM,Other,ENPOIG,
ENPOJA1.RTM,ENPOJA1.RTM,Other,ENPOJA,
ENPOJA1D.rtm,ENPOJA1D.rtm,Other,ENPOJA,
ENPOJA1k.rtm,ENPOJA1k.rtm,Other,ENPOJA,
ENrma1.RTM,ENrma1.RTM,Other,ENRMA1,
ENrma3.RTM,ENrma3.RTM,Other,ENRMA3,
ENrma3B.RTM,ENrma3B.RTM,Other,ENRMA3,
ENrma4B.RTM,ENrma4B.RTM,Other,ENRMA4,
ENrma4C.RTM,ENrma4C.RTM,Other,ENRMA4,
ENrma8.RTM,ENrma8.RTM,Other,ENRMA8,
ENROJA1.RTM,ENROJA1.RTM,Other,ENROJA,
ENROJA2.RTM,ENROJA2.RTM,Other,ENROJA,
ENROJA3.RTM,ENROJA3.RTM,Other,ENROJA,
ENROJA4.RTM,ENROJA4.RTM,Other,ENROJA,
enSOB1.RTM,enSOB1.RTM,Other,ENSOB1,
enSOB2.rtm,enSOB2.rtm,Other,ENSOB2,
enSOB3.rtm,enSOB3.rtm,Other,ENSOB3,
enSOB3B.btm,enSOB3B.btm,Other,ENSOB3,
enSOB3B.RTM,enSOB3B.RTM,Other,ENSOB3,
ensob3n.rtm,ensob3n.rtm,Other,ENSOB3,
enSOB4.rtm,enSOB4.rtm,Other,ENSOB4,
enSOB4a.rtm,enSOB4a.rtm,Other,ENSOB4,
ENSOB4B.btm,ENSOB4B.btm,Other,ENSOB4,
ENSOB4B.RTM,ENSOB4B.RTM,Other,ENSOB4,
enSOB4M.rtm,enSOB4M.rtm,Other,ENSOB4,
ENSOC1.RTM,ENSOC1.RTM,Other,ENSOC1,
ENSOC1cr.rtm,ENSOC1cr.rtm,Other,ENSOC1,
ENSOC1ic.rtm,ENSOC1ic.rtm,Other,ENSOC1,
ENSOC1M.rtm,ENSOC1M.rtm,Other,ENSOC1,
ENSOC1T.RTM,ENSOC1T.RTM,Other,ENSOC1,
ENSOC2.RTM,ENSOC2.RTM,Other,ENSOC2,
ENSOC2T.RTM,ENSOC2T.RTM,Other,ENSOC2,
ENSOC3.RTM,ENSOC3.RTM,Other,ENSOC3,
ENSOC3B.RTM,ENSOC3B.RTM,Other,ENSOC3,
ENSOC3T.RTM,ENSOC3T.RTM,Other,ENSOC3,
ENSOC4.RTM,ENSOC4.RTM,Other,ENSOC4,
ENSOC41.rtm,ENSOC41.rtm,Other,ENSOC4,
ENSOC4a.rtm,ENSOC4a.rtm,Other,ENSOC4,
ENSOC4B.btm,ENSOC4B.btm,Other,ENSOC4,
ENSOC4B.RTM,ENSOC4B.RTM,Other,ENSOC4,
ENSOC4k.rtm,ENSOC4k.rtm,Other,ENSOC4,
ENSOC4l.rtm,ENSOC4l.rtm,Other,ENSOC4,
ENSOC4LC.rtm,ENSOC4LC.rtm,Other,ENSOC4,
ensoc4p.rtm,ensoc4p.rtm,Other,ENSOC4,
ensoc4p1.rtm,ensoc4p1.rtm,Other,ENSOC4,
ENSOC4T.RTM,ENSOC4T.RTM,Other,ENSOC4,
ENSOC4W.RTM,ENSOC4W.RTM,Other,ENSOC4,
ENSOC6.rtm,ENSOC6.rtm,Other,ENSOC6,
ENSOC9.rtm,ENSOC9.rtm,Other,ENSOC9,
ENSOCscn.rtm,ENSOCscn.rtm,Other,ENSOCS,
enSOF1.RTM,enSOF1.RTM,Other,ENSOF1,
enSOF1A.rtm,enSOF1A.rtm,Other,ENSOF1,
enSOF1b.rtm,enSOF1b.rtm,Other,ENSOF1,
enSOF1e.rtm,enSOF1e.rtm,Other,ENSOF1,
enSOF1g.rtm,enSOF1g.rtm,Other,ENSOF1,
enSOF1j.rtm,enSOF1j.rtm,Other,ENSOF1,
enSOF1M.rtm,enSOF1M.rtm,Other,ENSOF1,
enSOF1p.rtm,enSOF1p.rtm,Other,ENSOF1,
enSOF1q.rtm,enSOF1q.rtm,Other,ENSOF1,
enSOF2.rtm,enSOF2.rtm,Other,ENSOF2,
enSOF3.rtm,enSOF3.rtm,Other,ENSOF3,
enSOF3B.btm,enSOF3B.btm,Other,ENSOF3,
enSOF3B.RTM,enSOF3B.RTM,Other,ENSOF3,
enSOF3q.rtm,enSOF3q.rtm,Other,ENSOF3,
enSOF4.rtm,enSOF4.rtm,Other,ENSOF4,
ENSOF42.RTM,ENSOF42.RTM,Other,ENSOF4,
enSOF4B.btm,enSOF4B.btm,Other,ENSOF4,
enSOF4B.RTM,enSOF4B.RTM,Other,ENSOF4,
ensof4C.btm,ensof4C.btm,Other,ENSOF4,
ENSOF4C.RTM,ENSOF4C.RTM,Other,ENSOF4,
ENSOF4cr.rtm,ENSOF4cr.rtm,Other,ENSOF4,
enSOF4M.rtm,enSOF4M.rtm,Other,ENSOF4,
enSOF4r.rtm,enSOF4r.rtm,Other,ENSOF4,
enSOF4r1.rtm,enSOF4r1.rtm,Other,ENSOF4,
ENSOF4T.rtm,ENSOF4T.rtm,Other,ENSOF4,
enSOF4u.rtm,enSOF4u.rtm,Other,ENSOF4,
ensop3.rtm,ensop3.rtm,Other,ENSOP3,
enSOPB1.RTM,enSOPB1.RTM,Other,ENSOPB,
enSOPB2.rtm,enSOPB2.rtm,Other,ENSOPB,
enSOPB3.rtm,enSOPB3.rtm,Other,ENSOPB,
enSOPB3B.RTM,enSOPB3B.RTM,Other,ENSOPB,
enSOPB3C.RTM,enSOPB3C.RTM,Other,ENSOPB,
enSOPB3d.rtm,enSOPB3d.rtm,Other,ENSOPB,
enSOPB3F.rtm,enSOPB3F.rtm,Other,ENSOPB,
ENSOPB3M.rtm,ENSOPB3M.rtm,Other,ENSOPB,
enSOPB3n.rtm,enSOPB3n.rtm,Other,ENSOPB,
enSOPB3q.rtm,enSOPB3q.rtm,Other,ENSOPB,
enSOPB4.btm,enSOPB4.btm,Other,ENSOPB,
enSOPB4.rtm,enSOPB4.rtm,Other,ENSOPB,
enSOPB4B.RTM,enSOPB4B.RTM,Other,ENSOPB,
enSOPB4C.RTM,enSOPB4C.RTM,Other,ENSOPB,
enSOPB4m.rtm,enSOPB4m.rtm,Other,ENSOPB,
ensopb4n.rtm,ensopb4n.rtm,Other,ENSOPB,
ensrb1.rtm,ensrb1.rtm,Other,ENSRB1,
ensrb2.rtm,ensrb2.rtm,Other,ENSRB2,
ensrb3.rtm,ensrb3.rtm,Other,ENSRB3,
ensrb4.rtm,ensrb4.rtm,Other,ENSRB4,
ensrd1.rtm,ensrd1.rtm,Other,ENSRD1,
ensrd1t.rtm,ensrd1t.rtm,Other,ENSRD1,
ensrd2.rtm,ensrd2.rtm,Other,ENSRD2,
ensrd2g.rtm,ensrd2g.rtm,Other,ENSRD2,
ensrd2t.rtm,ensrd2t.rtm,Other,ENSRD2,
ensrd3.rtm,ensrd3.rtm,Other,ENSRD3,
ensrd3t.rtm,ensrd3t.rtm,Other,ENSRD3,
ensrd4.rtm,ensrd4.rtm,Other,ENSRD4,
ensrd4t.rtm,ensrd4t.rtm,Other,ENSRD4,
ensrf1.rtm,ensrf1.rtm,Other,ENSRF1,
ensrf2.rtm,ensrf2.rtm,Other,ENSRF2,
ensrf3.rtm,ensrf3.rtm,Other,ENSRF3,
ensrf4.rtm,ensrf4.rtm,Other,ENSRF4,
ENwoc1.RTM,ENwoc1.RTM,Other,ENWOC1,
ENwoc1B.rtm,ENwoc1B.rtm,Other,ENWOC1,
ENwoc1L.rtm,ENwoc1L.rtm,Other,ENWOC1,
ENwoc1s.rtm,ENwoc1s.rtm,Other,ENWOC1,
ENwoc2.RTM,ENwoc2.RTM,Other,ENWOC2,
ENwoc3.RTM,ENwoc3.RTM,Other,ENWOC3,
ENwoc4.RTM,ENwoc4.RTM,Other,ENWOC4,
ENwoc5j.rtm,ENwoc5j.rtm,Other,ENWOC5,
ENWOCT.rtm,ENWOCT.rtm,Other,ENWOCT,
enwola1.RTM,enwola1.RTM,Other,ENWOLA,
enwola2.RTM,enwola2.RTM,Other,ENWOLA,
enwola3.RTM,enwola3.RTM,Other,ENWOLA,
ENWOLF1.RTM,ENWOLF1.RTM,Other,ENWOLF,
ENWOLF2.RTM,ENWOLF2.RTM,Other,ENWOLF,
ENWOLF3.RTM,ENWOLF3.RTM,Other,ENWOLF,
esteetag.RTM,esteetag.RTM,Other,ESTEET,
esteetag2.RTM,esteetag2.RTM,Other,ESTEET,
esttag2.RTM,esttag2.RTM,Other,ESTTAG,
EvoBSPrint.RTM,EvoBSPrint.RTM,Other,EVOBSP,
EvoNotes.RTM,EvoNotes.RTM,Other,EVONOT,
FSTEST.rtm,FSTEST.rtm,Other,FSTEST,
I2SACK.RTM,I2SACK.RTM,Other,I2SACK,
I2SCHK1.btm,I2SCHK1.btm,Other,I2SCHK,
I2SCHK1.RTM,I2SCHK1.RTM,Other,I2SCHK,
iBkapb3.RTM,iBkapb3.RTM,Other,IBKAPB,
iBkarb3.RTM,iBkarb3.RTM,Other,IBKARB,
iBking1.rtm,iBking1.rtm,Other,IBKING,
iBking2.rtm,iBking2.rtm,Other,IBKING,
iBking3.rtm,iBking3.rtm,Other,IBKING,
IBKPOB1.RTM,IBKPOB1.RTM,Other,IBKPOB,
IBKPOB2.RTM,IBKPOB2.RTM,Other,IBKPOB,
IBKPOB3.RTM,IBKPOB3.RTM,Other,IBKPOB,
IBKPOB4.RTM,IBKPOB4.RTM,Other,IBKPOB,
Ibkpoe1.RTM,Ibkpoe1.RTM,Other,IBKPOE,
Ibkpoe2.RTM,Ibkpoe2.RTM,Other,IBKPOE,
ibkrma1.rtm,ibkrma1.rtm,Other,IBKRMA,
IBKSOB1.RTM,IBKSOB1.RTM,Other,IBKSOB,
IBKSOB2.RTM,IBKSOB2.RTM,Other,IBKSOB,
IBKSOB3.RTM,IBKSOB3.RTM,Other,IBKSOB,
IBKSOB4.RTM,IBKSOB4.RTM,Other,IBKSOB,
IBKSOF1.RTM,IBKSOF1.RTM,Other,IBKSOF,
IBKSOF2.RTM,IBKSOF2.RTM,Other,IBKSOF,
IBKSOF2a.rtm,IBKSOF2a.rtm,Other,IBKSOF,
IBKSOF2c.rtm,IBKSOF2c.rtm,Other,IBKSOF,
IBKSOF3.RTM,IBKSOF3.RTM,Other,IBKSOF,
IBKSOF4.RTM,IBKSOF4.RTM,Other,IBKSOF,
IBKSOPB1.RTM,IBKSOPB1.RTM,Other,IBKSOP,
IBKSOPB2.RTM,IBKSOPB2.RTM,Other,IBKSOP,
IBKSOPB3.RTM,IBKSOPB3.RTM,Other,IBKSOP,
IBKSOPB4.RTM,IBKSOPB4.RTM,Other,IBKSOP,
ibksrb1.rtm,ibksrb1.rtm,Other,IBKSRB,
ibksrb2.rtm,ibksrb2.rtm,Other,IBKSRB,
ibksrb3.rtm,ibksrb3.rtm,Other,IBKSRB,
ibksrb4.rtm,ibksrb4.rtm,Other,IBKSRB,
ibksrf1.rtm,ibksrf1.rtm,Other,IBKSRF,
ibksrf2.rtm,ibksrf2.rtm,Other,IBKSRF,
ibksrf3.rtm,ibksrf3.rtm,Other,IBKSRF,
ibksrf4.rtm,ibksrf4.rtm,Other,IBKSRF,
ienare1.RTM,ienare1.RTM,Other,IENARE,
IENARE2.RTM,IENARE2.RTM,Other,IENARE,
IENare3.RTM,IENare3.RTM,Other,IENARE,
ienesb1.RTM,ienesb1.RTM,Other,IENESB,
ienPOB1.rtm,ienPOB1.rtm,Other,IENPOB,
ienPOB2.RTM,ienPOB2.RTM,Other,IENPOB,
ienPOB3.rtm,ienPOB3.rtm,Other,IENPOB,
ienPOB4.rtm,ienPOB4.rtm,Other,IENPOB,
IENPOB4R.rtm,IENPOB4R.rtm,Other,IENPOB,
ienPOE1.rtm,ienPOE1.rtm,Other,IENPOE,
ienPOE2.rtm,ienPOE2.rtm,Other,IENPOE,
ienrma1.RTM,ienrma1.RTM,Other,IENRMA,
iensob1.rtm,iensob1.rtm,Other,IENSOB,
iensob2.rtm,iensob2.rtm,Other,IENSOB,
ienSOB3.rtm,ienSOB3.rtm,Other,IENSOB,
iensob4.rtm,iensob4.rtm,Other,IENSOB,
ienSOF1.rtm,ienSOF1.rtm,Other,IENSOF,
ienSOF2.rtm,ienSOF2.rtm,Other,IENSOF,
ienSOF3.rtm,ienSOF3.rtm,Other,IENSOF,
ienSOF4.rtm,ienSOF4.rtm,Other,IENSOF,
ienSOF4x.rtm,ienSOF4x.rtm,Other,IENSOF,
ienSOPB1.rtm,ienSOPB1.rtm,Other,IENSOP,
ienSOPB2.rtm,ienSOPB2.rtm,Other,IENSOP,
ienSOPB3.rtm,ienSOPB3.rtm,Other,IENSOP,
ienSOPB4.rtm,ienSOPB4.rtm,Other,IENSOP,
iensrb1.rtm,iensrb1.rtm,Other,IENSRB,
iensrb2.rtm,iensrb2.rtm,Other,IENSRB,
iensrb3.rtm,iensrb3.rtm,Other,IENSRB,
iensrb4.rtm,iensrb4.rtm,Other,IENSRB,
iensrf1.rtm,iensrf1.rtm,Other,IENSRF,
iensrf2.rtm,iensrf2.rtm,Other,IENSRF,
iensrf3.rtm,iensrf3.rtm,Other,IENSRF,
iensrf4.rtm,iensrf4.rtm,Other,IENSRF,
imagect.RTM,imagect.RTM,Other,IMAGEC,
imagepc.RTM,imagepc.RTM,Other,IMAGEP,
insp.rtm,insp.rtm,Other,INSP,
IPLAIN.rtm,IPLAIN.rtm,Other,IPLAIN,
ISCCREP.rtm,ISCCREP.rtm,Other,ISCCRE,
ISDCA1.RTM,ISDCA1.RTM,Other,ISDCA1,
ISLCF1.RTM,ISLCF1.RTM,Other,ISLCF1,
ISSAO.RTM,ISSAO.RTM,Other,ISSAO,
ISSCF1.RTM,ISSCF1.RTM,Other,ISSCF1,
iswce1.rtm,iswce1.rtm,Other,ISWCE1,
iswce2.RTM,iswce2.RTM,Other,ISWCE2,
ISWCF1.RTM,ISWCF1.RTM,Other,ISWCF1,
ISWORPT1.RTM,ISWORPT1.RTM,Other,ISWORP,
ISWORPT2.RTM,ISWORPT2.RTM,Other,ISWORP,
it6are1.RTM,it6are1.RTM,Other,IT6ARE,
It6ARE2.RTM,It6ARE2.RTM,Other,IT6ARE,
It6are3.RTM,It6are3.RTM,Other,IT6ARE,
iT6esb1.RTM,iT6esb1.RTM,Other,IT6ESB,
IT6POB1.RTM,IT6POB1.RTM,Other,IT6POB,
IT6POB2.btm,IT6POB2.btm,Other,IT6POB,
IT6POB2.RTM,IT6POB2.RTM,Other,IT6POB,
IT6POB3.RTM,IT6POB3.RTM,Other,IT6POB,
IT6POB4.RTM,IT6POB4.RTM,Other,IT6POB,
IT6POB4R.rtm,IT6POB4R.rtm,Other,IT6POB,
IT6POE1.RTM,IT6POE1.RTM,Other,IT6POE,
IT6POE2.RTM,IT6POE2.RTM,Other,IT6POE,
it6rma1.RTM,it6rma1.RTM,Other,IT6RMA,
iT6sob1.RTM,iT6sob1.RTM,Other,IT6SOB,
iT6sob2.RTM,iT6sob2.RTM,Other,IT6SOB,
IT6SOB3.RTM,IT6SOB3.RTM,Other,IT6SOB,
iT6sob4.al.rtm,iT6sob4.al.rtm,Other,IT6SOB,
iT6sob4.RTM,iT6sob4.RTM,Other,IT6SOB,
IT6SOF1.RTM,IT6SOF1.RTM,Other,IT6SOF,
IT6SOF2.RTM,IT6SOF2.RTM,Other,IT6SOF,
IT6SOF3.RTM,IT6SOF3.RTM,Other,IT6SOF,
IT6SOF4.RTM,IT6SOF4.RTM,Other,IT6SOF,
it6soma1.RTM,it6soma1.RTM,Other,IT6SOM,
it6soma2.RTM,it6soma2.RTM,Other,IT6SOM,
it6soma3.RTM,it6soma3.RTM,Other,IT6SOM,
it6soma4.RTM,it6soma4.RTM,Other,IT6SOM,
IT6SOPB1.RTM,IT6SOPB1.RTM,Other,IT6SOP,
IT6SOPB2.RTM,IT6SOPB2.RTM,Other,IT6SOP,
IT6SOPB3.RTM,IT6SOPB3.RTM,Other,IT6SOP,
IT6SOPB4.RTM,IT6SOPB4.RTM,Other,IT6SOP,
it6srb1.rtm,it6srb1.rtm,Other,IT6SRB,
it6srb2.rtm,it6srb2.rtm,Other,IT6SRB,
it6srb3.rtm,it6srb3.rtm,Other,IT6SRB,
it6srb4.rtm,it6srb4.rtm,Other,IT6SRB,
it6srf1.rtm,it6srf1.rtm,Other,IT6SRF,
it6srf2.rtm,it6srf2.rtm,Other,IT6SRF,
it6srf3.rtm,it6srf3.rtm,Other,IT6SRF,
it6srf4.rtm,it6srf4.rtm,Other,IT6SRF,
J6ARBMB1.RTM,J6ARBMB1.RTM,Other,J6ARBM,
J6BEWOLA.rtm,J6BEWOLA.rtm,Other,J6BEWO,
J6BKMDIS.rtm,J6BKMDIS.rtm,Other,J6BKMD,
J6BKMREP.rtm,J6BKMREP.rtm,Other,J6BKMR,
J6BTSRWO.rtm,J6BTSRWO.rtm,Other,J6BTSR,
J6EBDLOT.rtm,J6EBDLOT.rtm,Other,J6EBDL,
J6HVRSAO.rtm,J6HVRSAO.rtm,Other,J6HVRS,
J6ISDCA1.RTM,J6ISDCA1.RTM,Other,J6ISDC,
J6ISOOE1.btm,J6ISOOE1.btm,Other,J6ISOO,
J6ISOOE1.RTM,J6ISOOE1.RTM,Other,J6ISOO,
J6ISOOE3.RTM,J6ISOOE3.RTM,Other,J6ISOO,
J6LAPSA1.rtm,J6LAPSA1.rtm,Other,J6LAPS,
J6LAPSAO.rtm,J6LAPSAO.rtm,Other,J6LAPS,
J6LAPSD1.rtm,J6LAPSD1.rtm,Other,J6LAPS,
J6LPINM2.rtm,J6LPINM2.rtm,Other,J6LPIN,
j6lpsao2.rtm,j6lpsao2.rtm,Other,J6LPSA,
J6POIJ1.rtm,J6POIJ1.rtm,Other,J6POIJ,
J6PTWOKI.RTM,J6PTWOKI.RTM,Other,J6PTWO,
J7ABIShp.rtm,J7ABIShp.rtm,J7,AB,
J7AIJCG1.rtm,J7AIJCG1.rtm,J7,AI,
J7APCHK1.rtm,J7APCHK1.rtm,J7,AP,Accounts Payable
J7CCCUTS.RTM,J7CCCUTS.RTM,J7,CC,
J7CCS1.rtm,J7CCS1.rtm,J7,CC,
J7CCXFER.RTM,J7CCXFER.RTM,J7,CC,
j7cjb1.rtm,j7cjb1.rtm,J7,CJ,
j7dcml1.rtm,j7dcml1.rtm,J7,DC,Data Collection
J7HEBX1.rtm,J7HEBX1.rtm,J7,HE,
J7HLOAD1.rtm,J7HLOAD1.rtm,J7,HL,
J7HSOE1.RTM,J7HSOE1.RTM,J7,HS,
J7HSOE2.RTM,J7HSOE2.RTM,J7,HS,
J7LMI1.rtm,J7LMI1.rtm,J7,LM,
J7MCDSA1.rtm,J7MCDSA1.rtm,J7,MC,
J7MCXPO1.rtm,J7MCXPO1.rtm,J7,MC,
J7MCXWO1.rtm,J7MCXWO1.rtm,J7,MC,
J7RCSO1.rtm,J7RCSO1.rtm,J7,RC,
J7SISLS1.rtm,J7SISLS1.rtm,J7,SI,
J7WOLL1.RTM,J7WOLL1.RTM,J7,WO,Work Orders
J7ZCP1.rtm,J7ZCP1.rtm,J7,ZC,
jksosb4.rtm,jksosb4.rtm,Other,JKSOSB,
JM6USE1.RTM,JM6USE1.RTM,Other,JM6USE,
JM6USE2.RTM,JM6USE2.RTM,Other,JM6USE,
JM6USE3.rtm,JM6USE3.rtm,Other,JM6USE,
JMCFILOT.RTM,JMCFILOT.RTM,Other,JMCFIL,
JMCHECK1.RTM,JMCHECK1.RTM,Other,JMCHEC,
jmcrbfs.rtm,jmcrbfs.rtm,Other,JMCRBF,
JMCRBOOK.RTM,JMCRBOOK.RTM,Other,JMCRBO,
jmcrtopn.rtm,jmcrtopn.rtm,Other,JMCRTO,
JMTOPN1.RTM,JMTOPN1.RTM,Other,JMTOPN,
jmtopn2.RTM,jmtopn2.RTM,Other,JMTOPN,
lBKSOD1.RTM,lBKSOD1.RTM,Other,LBKSOD,
LCI2SINV.rtm,LCI2SINV.rtm,Other,LCI2SI,
lT6SOD1.RTM,lT6SOD1.RTM,Other,LT6SOD,
lT6SOPB4.RTM,lT6SOPB4.RTM,Other,LT6SOP,
ORGBKAPHA1.RTM,ORGBKAPHA1.RTM,Other,ORGBKA,
P8120.rtm,P8120.rtm,Other,P8120,
Packlst.rtm,Packlst.rtm,Other,PACKLS,
pit6pob1.RTM,pit6pob1.RTM,Other,PIT6PO,
pit6pob2.RTM,pit6pob2.RTM,Other,PIT6PO,
pit6pob3.RTM,pit6pob3.RTM,Other,PIT6PO,
pit6pob4.RTM,pit6pob4.RTM,Other,PIT6PO,
piT6sob1.RTM,piT6sob1.RTM,Other,PIT6SO,
pit6sob2.RTM,pit6sob2.RTM,Other,PIT6SO,
pit6sob3.RTM,pit6sob3.RTM,Other,PIT6SO,
pit6sob4.RTM,pit6sob4.RTM,Other,PIT6SO,
pit6sof1.RTM,pit6sof1.RTM,Other,PIT6SO,
pit6sof2.RTM,pit6sof2.RTM,Other,PIT6SO,
pit6sof3.RTM,pit6sof3.RTM,Other,PIT6SO,
pit6sof4.RTM,pit6sof4.RTM,Other,PIT6SO,
pt6pob1.RTM,pt6pob1.RTM,Other,PT6POB,
pt6pob2.RTM,pt6pob2.RTM,Other,PT6POB,
PT6POB3.RTM,PT6POB3.RTM,Other,PT6POB,
pt6pob4.RTM,pt6pob4.RTM,Other,PT6POB,
pt6sob1.RTM,pt6sob1.RTM,Other,PT6SOB,
pt6sob2.RTM,pt6sob2.RTM,Other,PT6SOB,
pt6sob3.RTM,pt6sob3.RTM,Other,PT6SOB,
pt6sob4.RTM,pt6sob4.RTM,Other,PT6SOB,
pt6sof1.RTM,pt6sof1.RTM,Other,PT6SOF,
pt6sof2.RTM,pt6sof2.RTM,Other,PT6SOF,
pt6sof3.RTM,pt6sof3.RTM,Other,PT6SOF,
pt6sof4.RTM,pt6sof4.RTM,Other,PT6SOF,
RMAISST6.rtm,RMAISST6.rtm,Other,RMAISS,
rtmtest.rtm,rtmtest.rtm,Other,RTMTES,
shipcal.RTM,shipcal.RTM,Other,SHIPCA,
shipcal1.RTM,shipcal1.RTM,Other,SHIPCA,
T10SOB4.RTM,T10SOB4.RTM,Other,T10SOB,
T6ABINV.RTM,T6ABINV.RTM,T6,AB,
T6ABISOB4.RTM,T6ABISOB4.RTM,T6,AB,
T6ABPO1.btm,T6ABPO1.btm,T6,AB,
T6ABPO1.RTM,T6ABPO1.RTM,T6,AB,
T6ABPOB4.RTM,T6ABPOB4.RTM,T6,AB,
t6ABrma1.btm,t6ABrma1.btm,T6,AB,
t6ABrma1.RTM,t6ABrma1.RTM,T6,AB,
T6ABSCHK.RTM,T6ABSCHK.RTM,T6,AB,
T6ABSOB4.RTM,T6ABSOB4.RTM,T6,AB,
T6ABSPAC.RTM,T6ABSPAC.RTM,T6,AB,
T6ABSQT2.RTM,T6ABSQT2.RTM,T6,AB,
T6ABSQUT.RTM,T6ABSQUT.RTM,T6,AB,
t6ABWOC3.RTM,t6ABWOC3.RTM,T6,AB,
t6ABWOC4.RTM,t6ABWOC4.RTM,T6,AB,
T6ACWL1.RTM,T6ACWL1.RTM,T6,AC,
T6AISAN1.rtm,T6AISAN1.rtm,T6,AI,
T6AMF1.RTM,T6AMF1.RTM,T6,AM,Accounting Maintenance
T6AMO1.RTM,T6AMO1.RTM,T6,AM,Accounting Maintenance
T6AMP1.RTM,T6AMP1.RTM,T6,AM,Accounting Maintenance
T6AMS1.RTM,T6AMS1.RTM,T6,AM,Accounting Maintenance
t6apg1.rtm,t6apg1.rtm,T6,AP,Accounts Payable
t6apg99.rtm,t6apg99.rtm,T6,AP,Accounts Payable
T6APH1.RTM,T6APH1.RTM,T6,AP,Accounts Payable
T6APHA1.RTM,T6APHA1.RTM,T6,AP,Accounts Payable
T6APHA2.RTM,T6APHA2.RTM,T6,AP,Accounts Payable
T6APHA3.RTM,T6APHA3.RTM,T6,AP,Accounts Payable
T6APHA9.rtm,T6APHA9.rtm,T6,AP,Accounts Payable
T6APHAE1.RTM,T6APHAE1.RTM,T6,AP,Accounts Payable
T6APHAR1.RTM,T6APHAR1.RTM,T6,AP,Accounts Payable
T6API1.RTM,T6API1.RTM,T6,AP,Accounts Payable
t6api1a.RTM,t6api1a.RTM,T6,AP,Accounts Payable
t6api2.RTM,t6api2.RTM,T6,AP,Accounts Payable
t6api3.RTM,t6api3.RTM,T6,AP,Accounts Payable
t6apits2.RTM,t6apits2.RTM,T6,AP,Accounts Payable
t6apitst.RTM,t6apitst.RTM,T6,AP,Accounts Payable
t6apj1.btm,t6apj1.btm,T6,AP,Accounts Payable
t6apj1.rtm,t6apj1.rtm,T6,AP,Accounts Payable
T6APJ2.rtm,T6APJ2.rtm,T6,AP,Accounts Payable
T6APK1.RTM,T6APK1.RTM,T6,AP,Accounts Payable
T6APL1.RTM,T6APL1.RTM,T6,AP,Accounts Payable
t6apm1.RTM,t6apm1.RTM,T6,AP,Accounts Payable
t6apm2.RTM,t6apm2.RTM,T6,AP,Accounts Payable
t6apm3.RTM,t6apm3.RTM,T6,AP,Accounts Payable
T6APO1.RTM,T6APO1.RTM,T6,AP,Accounts Payable
T6APQ1.RTM,T6APQ1.RTM,T6,AP,Accounts Payable
T6APR1.RTM,T6APR1.RTM,T6,AP,Accounts Payable
T6APR2.RTM,T6APR2.RTM,T6,AP,Accounts Payable
T6APS1.RTM,T6APS1.RTM,T6,AP,Accounts Payable
T6APS1TEST.RTM,T6APS1TEST.RTM,T6,AP,Accounts Payable
T6APS2.btm,T6APS2.btm,T6,AP,Accounts Payable
T6APS2.RTM,T6APS2.RTM,T6,AP,Accounts Payable
T6APS3(old).RTM,T6APS3(old).RTM,T6,AP,Accounts Payable
T6APS3-OLD2.RTM,T6APS3-OLD2.RTM,T6,AP,Accounts Payable
T6APS3.btm,T6APS3.btm,T6,AP,Accounts Payable
T6APS3.RTM,T6APS3.RTM,T6,AP,Accounts Payable
T6APS3OLD.RTM,T6APS3OLD.RTM,T6,AP,Accounts Payable
T6APS3up.RTM,T6APS3up.RTM,T6,AP,Accounts Payable
T6APS4.RTM,T6APS4.RTM,T6,AP,Accounts Payable
T6APT1.RTM,T6APT1.RTM,T6,AP,Accounts Payable
T6APV1.RTM,T6APV1.RTM,T6,AP,Accounts Payable
T6APX1.RTM,T6APX1.RTM,T6,AP,Accounts Payable
T6APY1.RTM,T6APY1.RTM,T6,AP,Accounts Payable
T6APZA1.RTM,T6APZA1.RTM,T6,AP,Accounts Payable
T6ARCEX1.RTM,T6ARCEX1.RTM,T6,AR,Accounts Receivable
t6ARE1.RTM,t6ARE1.RTM,T6,AR,Accounts Receivable
t6ARE2.RTM,t6ARE2.RTM,T6,AR,Accounts Receivable
t6ARE3.RTM,t6ARE3.RTM,T6,AR,Accounts Receivable
t6are4.RTM,t6are4.RTM,T6,AR,Accounts Receivable
t6arf1.RTM,t6arf1.RTM,T6,AR,Accounts Receivable
t6arf1a.rtm,t6arf1a.rtm,T6,AR,Accounts Receivable
t6arf1X.rtm,t6arf1X.rtm,T6,AR,Accounts Receivable
t6arf2.RTM,t6arf2.RTM,T6,AR,Accounts Receivable
t6arf3.RTM,t6arf3.RTM,T6,AR,Accounts Receivable
t6arf4.RTM,t6arf4.RTM,T6,AR,Accounts Receivable
t6arg1.RTM,t6arg1.RTM,T6,AR,Accounts Receivable
t6arg2.RTM,t6arg2.RTM,T6,AR,Accounts Receivable
T6ARH1.RTM,T6ARH1.RTM,T6,AR,Accounts Receivable
t6ari1.RTM,t6ari1.RTM,T6,AR,Accounts Receivable
t6ari2.RTM,t6ari2.RTM,T6,AR,Accounts Receivable
t6ari3.RTM,t6ari3.RTM,T6,AR,Accounts Receivable
t6ari4.RTM,t6ari4.RTM,T6,AR,Accounts Receivable
t6ari5.rtm,t6ari5.rtm,T6,AR,Accounts Receivable
T6ARK1.RTM,T6ARK1.RTM,T6,AR,Accounts Receivable
T6ARK2.RTM,T6ARK2.RTM,T6,AR,Accounts Receivable
T6ARK3.RTM,T6ARK3.RTM,T6,AR,Accounts Receivable
T6ARK4.RTM,T6ARK4.RTM,T6,AR,Accounts Receivable
T6ARN1.rtm,T6ARN1.rtm,T6,AR,Accounts Receivable
T6ARP1.RTM,T6ARP1.RTM,T6,AR,Accounts Receivable
T6ARPL1.RTM,T6ARPL1.RTM,T6,AR,Accounts Receivable
T6ARR1.RTM,T6ARR1.RTM,T6,AR,Accounts Receivable
T6ASOB3.RTM,T6ASOB3.RTM,T6,AS,
T6ASOC3.RTM,T6ASOC3.RTM,T6,AS,
T6ASOF3.RTM,T6ASOF3.RTM,T6,AS,
T6ASOPB3.RTM,T6ASOPB3.RTM,T6,AS,
t6bmb.RTM,t6bmb.RTM,T6,BM,Bill of Materials
t6bmb1.btm,t6bmb1.btm,T6,BM,Bill of Materials
t6bmb1.RTM,t6bmb1.RTM,T6,BM,Bill of Materials
t6bmb1L.rtm,t6bmb1L.rtm,T6,BM,Bill of Materials
t6bmb2.RTM,t6bmb2.RTM,T6,BM,Bill of Materials
T6BMC1.RTM,T6BMC1.RTM,T6,BM,Bill of Materials
T6BMD1.RTM,T6BMD1.RTM,T6,BM,Bill of Materials
T6BMD2.RTM,T6BMD2.RTM,T6,BM,Bill of Materials
T6BMD3.RTM,T6BMD3.RTM,T6,BM,Bill of Materials
T6BME1.RTM,T6BME1.RTM,T6,BM,Bill of Materials
T6BMF1.RTM,T6BMF1.RTM,T6,BM,Bill of Materials
t6bmg1.RTM,t6bmg1.RTM,T6,BM,Bill of Materials
T6BMH1.RTM,T6BMH1.RTM,T6,BM,Bill of Materials
T6BMI1.RTM,T6BMI1.RTM,T6,BM,Bill of Materials
T6BMJ1.RTM,T6BMJ1.RTM,T6,BM,Bill of Materials
T6BMK1.RTM,T6BMK1.RTM,T6,BM,Bill of Materials
T6BML1.RTM,T6BML1.RTM,T6,BM,Bill of Materials
T6BMP1.RTM,T6BMP1.RTM,T6,BM,Bill of Materials
T6BMR1.RTM,T6BMR1.RTM,T6,BM,Bill of Materials
T6BOL1.RTM,T6BOL1.RTM,T6,BO,
T6CCREP.RTM,T6CCREP.RTM,T6,CC,
T6CMBB1.RTM,T6CMBB1.RTM,T6,CM,Contact Master
T6CMBD1.RTM,T6CMBD1.RTM,T6,CM,Contact Master
T6CMBD2.RTM,T6CMBD2.RTM,T6,CM,Contact Master
T6CMBD3.RTM,T6CMBD3.RTM,T6,CM,Contact Master
T6CMBD4.RTM,T6CMBD4.RTM,T6,CM,Contact Master
T6CMBD4E.rtm,T6CMBD4E.rtm,T6,CM,Contact Master
T6CMBD4I.rtm,T6CMBD4I.rtm,T6,CM,Contact Master
T6CMBI1.RTM,T6CMBI1.RTM,T6,CM,Contact Master
T6COB3.btm,T6COB3.btm,T6,CO,
T6COB3.RTM,T6COB3.RTM,T6,CO,
T6COB4.btm,T6COB4.btm,T6,CO,
T6COB4.RTM,T6COB4.RTM,T6,CO,
T6COB5.RTM,T6COB5.RTM,T6,CO,
T6COB9.RTM,T6COB9.RTM,T6,CO,
T6COR1.rtm,T6COR1.rtm,T6,CO,
T6CSC1.RTM,T6CSC1.RTM,T6,CS,Commissions
T6CSD1.RTM,T6CSD1.RTM,T6,CS,Commissions
T6CSE1.RTM,T6CSE1.RTM,T6,CS,Commissions
T6CSF1.RTM,T6CSF1.RTM,T6,CS,Commissions
T6CSOC1.RTM,T6CSOC1.RTM,T6,CS,Commissions
T6CSOC2.btm,T6CSOC2.btm,T6,CS,Commissions
T6CSOC2.RTM,T6CSOC2.RTM,T6,CS,Commissions
T6CSOI1.RTM,T6CSOI1.RTM,T6,CS,Commissions
T6CSP1.RTM,T6CSP1.RTM,T6,CS,Commissions
T6DCAL1.RTM,T6DCAL1.RTM,T6,DC,Data Collection
T6DCAL1P.rtm,T6DCAL1P.rtm,T6,DC,Data Collection
T6DCAL2.RTM,T6DCAL2.RTM,T6,DC,Data Collection
t6dcd1.RTM,t6dcd1.RTM,T6,DC,Data Collection
t6dcd1t.rtm,t6dcd1t.rtm,T6,DC,Data Collection
T6DCE.RTM,T6DCE.RTM,T6,DC,Data Collection
T6DCE1.rtm,T6DCE1.rtm,T6,DC,Data Collection
T6DCF.RTM,T6DCF.RTM,T6,DC,Data Collection
T6DCH1.RTM,T6DCH1.RTM,T6,DC,Data Collection
T6DCL1.RTM,T6DCL1.RTM,T6,DC,Data Collection
t6ddchk.RTM,t6ddchk.RTM,T6,DD,
T6DEHD1.RTM,T6DEHD1.RTM,T6,DE,Data Exchange
t6dejh1.RTM,t6dejh1.RTM,T6,DE,Data Exchange
T6DEM1.RTM,T6DEM1.RTM,T6,DE,Data Exchange
T6DEPH1.RTM,T6DEPH1.RTM,T6,DE,Data Exchange
T6DER1.RTM,T6DER1.RTM,T6,DE,Data Exchange
T6DET1.RTM,T6DET1.RTM,T6,DE,Data Exchange
T6DR1.rtm,T6DR1.rtm,T6,DR,
T6DRILL.RTM,T6DRILL.RTM,T6,DR,
T6ECN1.rtm,T6ECN1.rtm,T6,EC,
T6ECN1a.rtm,T6ECN1a.rtm,T6,EC,
T6ESB1.RTM,T6ESB1.RTM,T6,ES,Estimates
T6ESC1.RTM,T6ESC1.RTM,T6,ES,Estimates
T6ESC2.RTM,T6ESC2.RTM,T6,ES,Estimates
t6ESD1.RTM,t6ESD1.RTM,T6,ES,Estimates
t6ESD2.RTM,t6ESD2.RTM,T6,ES,Estimates
t6ESD3.RTM,t6ESD3.RTM,T6,ES,Estimates
t6ESD4.RTM,t6ESD4.RTM,T6,ES,Estimates
T6ESI1.RTM,T6ESI1.RTM,T6,ES,Estimates
T6FDICT1.rtm,T6FDICT1.rtm,T6,FD,
T6FNO.RTM,T6FNO.RTM,T6,FN,
t6fob1.RTM,t6fob1.RTM,T6,FO,Features and Options
T6FOD1.RTM,T6FOD1.RTM,T6,FO,Features and Options
T6FOE1.RTM,T6FOE1.RTM,T6,FO,Features and Options
t6gfv1.rtm,t6gfv1.rtm,T6,GF,
t6gfvs1.rtm,t6gfvs1.rtm,T6,GF,
T6GLB.rtm,T6GLB.rtm,T6,GL,General Ledger
T6GLC1.RTM,T6GLC1.RTM,T6,GL,General Ledger
T6GLC2.RTM,T6GLC2.RTM,T6,GL,General Ledger
t6GLD1.RTM,t6GLD1.RTM,T6,GL,General Ledger
T6GLE1.RTM,T6GLE1.RTM,T6,GL,General Ledger
T6GLE1P.rtm,T6GLE1P.rtm,T6,GL,General Ledger
T6GLE2.RTM,T6GLE2.RTM,T6,GL,General Ledger
T6GLF1.RTM,T6GLF1.RTM,T6,GL,General Ledger
T6GLF12.RTM,T6GLF12.RTM,T6,GL,General Ledger
T6GLF2.RTM,T6GLF2.RTM,T6,GL,General Ledger
T6GLF3.RTM,T6GLF3.RTM,T6,GL,General Ledger
T6GLF4.RTM,T6GLF4.RTM,T6,GL,General Ledger
T6GLG1.RTM,T6GLG1.RTM,T6,GL,General Ledger
T6GLH1.RTM,T6GLH1.RTM,T6,GL,General Ledger
T6GLI1.RTM,T6GLI1.RTM,T6,GL,General Ledger
T6GLJ1.RTM,T6GLJ1.RTM,T6,GL,General Ledger
T6GLN1.RTM,T6GLN1.RTM,T6,GL,General Ledger
T6GLN1P.RTM,T6GLN1P.RTM,T6,GL,General Ledger
T6GLN1PC.RTM,T6GLN1PC.RTM,T6,GL,General Ledger
T6GLN1PERC.RTM,T6GLN1PERC.RTM,T6,GL,General Ledger
T6GLN2.RTM,T6GLN2.RTM,T6,GL,General Ledger
T6GLN2P.RTM,T6GLN2P.RTM,T6,GL,General Ledger
T6GLN2PC.RTM,T6GLN2PC.RTM,T6,GL,General Ledger
T6GLN2PERC.RTM,T6GLN2PERC.RTM,T6,GL,General Ledger
T6GLN3.RTM,T6GLN3.RTM,T6,GL,General Ledger
T6GLN3PC.RTM,T6GLN3PC.RTM,T6,GL,General Ledger
T6GLN3PERC.RTM,T6GLN3PERC.RTM,T6,GL,General Ledger
T6GLN4.RTM,T6GLN4.RTM,T6,GL,General Ledger
T6GLN4PC.RTM,T6GLN4PC.RTM,T6,GL,General Ledger
t6glo1.RTM,t6glo1.RTM,T6,GL,General Ledger
T6GLOOB1.RTM,T6GLOOB1.RTM,T6,GL,General Ledger
T6GLS1.RTM,T6GLS1.RTM,T6,GL,General Ledger
T6HHC1.RTM,T6HHC1.RTM,T6,HH,Hand Held Programs
T6HSOD1.RTM,T6HSOD1.RTM,T6,HS,
T6HSOD2.RTM,T6HSOD2.RTM,T6,HS,
T6I2PAC2.RTM,T6I2PAC2.RTM,Other,T6I2PA,
T6I2SACK.btm,T6I2SACK.btm,Other,T6I2SA,
T6I2SCHB.btm,T6I2SCHB.btm,Other,T6I2SC,
T6I2SCHB.RTM,T6I2SCHB.RTM,Other,T6I2SC,
T6I2SCHC.RTM,T6I2SCHC.RTM,Other,T6I2SC,
T6I2SCHK.RTM,T6I2SCHK.RTM,Other,T6I2SC,
T6I2SCHKB.RTM,T6I2SCHKB.RTM,Other,T6I2SC,
T6I2SCHKC.RTM,T6I2SCHKC.RTM,Other,T6I2SC,
T6I2SINV.RTM,T6I2SINV.RTM,Other,T6I2SI,
T6I2SPAC.btm,T6I2SPAC.btm,Other,T6I2SP,
T6I2SPAC.RTM,T6I2SPAC.RTM,Other,T6I2SP,
T6I2SPAD.RTM,T6I2SPAD.RTM,Other,T6I2SP,
T6I2SPCB.RTM,T6I2SPCB.RTM,Other,T6I2SP,
T6I2SPCC.RTM,T6I2SPCC.RTM,Other,T6I2SP,
T6I2SPO1.btm,T6I2SPO1.btm,Other,T6I2SP,
T6I2SPO1.RTM,T6I2SPO1.RTM,Other,T6I2SP,
T6I2SQT2.btm,T6I2SQT2.btm,Other,T6I2SQ,
T6I2SQT2.RTM,T6I2SQT2.RTM,Other,T6I2SQ,
T6I2TPAC.RTM,T6I2TPAC.RTM,Other,T6I2TP,
t6i2WOC3.btm,t6i2WOC3.btm,Other,T6I2WO,
t6i2WOC3.RTM,t6i2WOC3.RTM,Other,T6I2WO,
t6i2WOC4.btm,t6i2WOC4.btm,Other,T6I2WO,
t6i2WOC4.RTM,t6i2WOC4.RTM,Other,T6I2WO,
T6IND1.RTM,T6IND1.RTM,T6,IN,Inventory
T6IND1A.RTM,T6IND1A.RTM,T6,IN,Inventory
t6ind2.RTM,t6ind2.RTM,T6,IN,Inventory
t6ind3.RTM,t6ind3.RTM,T6,IN,Inventory
T6INDPO1.RTM,T6INDPO1.RTM,T6,IN,Inventory
t6ine1.rtm,t6ine1.rtm,T6,IN,Inventory
t6ine1a.rtm,t6ine1a.rtm,T6,IN,Inventory
t6ine1B.rtm,t6ine1B.rtm,T6,IN,Inventory
t6ine1p.rtm,t6ine1p.rtm,T6,IN,Inventory
t6ine2.RTM,t6ine2.RTM,T6,IN,Inventory
t6inf1.RTM,t6inf1.RTM,T6,IN,Inventory
t6inf1a.rtm,t6inf1a.rtm,T6,IN,Inventory
t6inf1q.rtm,t6inf1q.rtm,T6,IN,Inventory
t6inf2.RTM,t6inf2.RTM,T6,IN,Inventory
T6INF3.rtm,T6INF3.rtm,T6,IN,Inventory
T6ING1.RTM,T6ING1.RTM,T6,IN,Inventory
T6ING1L.btm,T6ING1L.btm,T6,IN,Inventory
T6ING1L.RTM,T6ING1L.RTM,T6,IN,Inventory
T6ING1L2.btm,T6ING1L2.btm,T6,IN,Inventory
T6ING1L2.RTM,T6ING1L2.RTM,T6,IN,Inventory
T6ING1L2r.RTM,T6ING1L2r.RTM,T6,IN,Inventory
T6ING1L2renee.RTM,T6ING1L2renee.RTM,T6,IN,Inventory
T6ING1L3.btm,T6ING1L3.btm,T6,IN,Inventory
T6ING1L3.RTM,T6ING1L3.RTM,T6,IN,Inventory
T6ING1L5.RTM,T6ING1L5.RTM,T6,IN,Inventory
T6ING1R3.btm,T6ING1R3.btm,T6,IN,Inventory
T6ING1R3.RTM,T6ING1R3.RTM,T6,IN,Inventory
T6ING2.RTM,T6ING2.RTM,T6,IN,Inventory
T6ING2b.btm,T6ING2b.btm,T6,IN,Inventory
T6ING2b.RTM,T6ING2b.RTM,T6,IN,Inventory
T6ING3.btm,T6ING3.btm,T6,IN,Inventory
T6ING3.RTM,T6ING3.RTM,T6,IN,Inventory
T6ING3L.RTM,T6ING3L.RTM,T6,IN,Inventory
T6ING3U.RTM,T6ING3U.RTM,T6,IN,Inventory
T6ING4.rtm,T6ING4.rtm,T6,IN,Inventory
T6ING42.RTM,T6ING42.RTM,T6,IN,Inventory
T6ING5.RTM,T6ING5.RTM,T6,IN,Inventory
T6INGC1.RTM,T6INGC1.RTM,T6,IN,Inventory
T6INGSI1.rtm,T6INGSI1.rtm,T6,IN,Inventory
t6inh1.RTM,t6inh1.RTM,T6,IN,Inventory
t6inh1A.rtm,t6inh1A.rtm,T6,IN,Inventory
t6inh1c.rtm,t6inh1c.rtm,T6,IN,Inventory
t6inh1D.RTM,t6inh1D.RTM,T6,IN,Inventory
t6inh1r.rtm,t6inh1r.rtm,T6,IN,Inventory
T6INH2.RTM,T6INH2.RTM,T6,IN,Inventory
T6INH3.RTM,T6INH3.RTM,T6,IN,Inventory
T6INH4.RTM,T6INH4.RTM,T6,IN,Inventory
t6ini1.RTM,t6ini1.RTM,T6,IN,Inventory
T6INJ1.RTM,T6INJ1.RTM,T6,IN,Inventory
T6INJ2.btm,T6INJ2.btm,T6,IN,Inventory
T6INJ2.RTM,T6INJ2.RTM,T6,IN,Inventory
T6INJ3.RTM,T6INJ3.RTM,T6,IN,Inventory
T6INJ4.RTM,T6INJ4.RTM,T6,IN,Inventory
t6inld1.RTM,t6inld1.RTM,T6,IN,Inventory
T6INLE1.RTM,T6INLE1.RTM,T6,IN,Inventory
t6inlg1.RTM,t6inlg1.RTM,T6,IN,Inventory
T6INLK1.RTM,T6INLK1.RTM,T6,IN,Inventory
T6INLL1.RTM,T6INLL1.RTM,T6,IN,Inventory
T6INLM1.RTM,T6INLM1.RTM,T6,IN,Inventory
T6INLM2.rtm,T6INLM2.rtm,T6,IN,Inventory
T6INLO1.rtm,T6INLO1.rtm,T6,IN,Inventory
T6INLQ1.rtm,T6INLQ1.rtm,T6,IN,Inventory
T6INLT1.RTM,T6INLT1.RTM,T6,IN,Inventory
t6inm1.RTM,t6inm1.RTM,T6,IN,Inventory
T6INM2.RTM,T6INM2.RTM,T6,IN,Inventory
T6INM3.RTM,T6INM3.RTM,T6,IN,Inventory
t6inna1.RTM,t6inna1.RTM,T6,IN,Inventory
t6innb1.RTM,t6innb1.RTM,T6,IN,Inventory
t6innc1.RTM,t6innc1.RTM,T6,IN,Inventory
t6innd1.RTM,t6innd1.RTM,T6,IN,Inventory
t6innd2.RTM,t6innd2.RTM,T6,IN,Inventory
t6ino1.RTM,t6ino1.RTM,T6,IN,Inventory
t6ino2.RTM,t6ino2.RTM,T6,IN,Inventory
T6INP4.RTM,T6INP4.RTM,T6,IN,Inventory
t6islce1.RTM,t6islce1.RTM,T6,IS,
T6ISWCE1.RTM,T6ISWCE1.RTM,T6,IS,
T6ISWCE2.RTM,T6ISWCE2.RTM,T6,IS,
T6ISWCF1.RTM,T6ISWCF1.RTM,T6,IS,
t6jca1.rtm,t6jca1.rtm,T6,JC,Job Costing
T6JCB1.RTM,T6JCB1.RTM,T6,JC,Job Costing
T6JCC1.RTM,T6JCC1.RTM,T6,JC,Job Costing
T6JCC2.rtm,T6JCC2.rtm,T6,JC,Job Costing
T6JCC3.rtm,T6JCC3.rtm,T6,JC,Job Costing
T6JCD1.RTM,T6JCD1.RTM,T6,JC,Job Costing
T6JCE1.RTM,T6JCE1.RTM,T6,JC,Job Costing
T6JCF1.RTM,T6JCF1.RTM,T6,JC,Job Costing
T6JCG1.RTM,T6JCG1.RTM,T6,JC,Job Costing
T6JCH1.RTM,T6JCH1.RTM,T6,JC,Job Costing
T6JCI1.RTM,T6JCI1.RTM,T6,JC,Job Costing
T6JCJ1.RTM,T6JCJ1.RTM,T6,JC,Job Costing
T6JCK1.RTM,T6JCK1.RTM,T6,JC,Job Costing
T6JCL1.RTM,T6JCL1.RTM,T6,JC,Job Costing
T6JCM1.RTM,T6JCM1.RTM,T6,JC,Job Costing
T6JCN1.RTM,T6JCN1.RTM,T6,JC,Job Costing
T6JCO1.RTM,T6JCO1.RTM,T6,JC,Job Costing
T6JCP1.RTM,T6JCP1.RTM,T6,JC,Job Costing
T6JCQ1.RTM,T6JCQ1.RTM,T6,JC,Job Costing
T6JCR1.RTM,T6JCR1.RTM,T6,JC,Job Costing
T6JCS1.RTM,T6JCS1.RTM,T6,JC,Job Costing
T6JCS1XL.RTM,T6JCS1XL.RTM,T6,JC,Job Costing
T6JCS2.RTM,T6JCS2.RTM,T6,JC,Job Costing
T6JCS3.rtm,T6JCS3.rtm,T6,JC,Job Costing
T6JCS4.RTM,T6JCS4.RTM,T6,JC,Job Costing
T6JCT1.RTM,T6JCT1.RTM,T6,JC,Job Costing
t6lcc1.RTM,t6lcc1.RTM,T6,LC,Lot Control
T6MIN1.rtm,T6MIN1.rtm,T6,MI,
T6MRB1.RTM,T6MRB1.RTM,T6,MR,MRP
T6MRB2.RTM,T6MRB2.RTM,T6,MR,MRP
T6MRE1.RTM,T6MRE1.RTM,T6,MR,MRP
T6MRG1.RTM,T6MRG1.RTM,T6,MR,MRP
t6mrh1.RTM,t6mrh1.RTM,T6,MR,MRP
T6MRH2.RTM,T6MRH2.RTM,T6,MR,MRP
t6mrh3.rtm,t6mrh3.rtm,T6,MR,MRP
T6MRI1.RTM,T6MRI1.RTM,T6,MR,MRP
T6MRJ1.RTM,T6MRJ1.RTM,T6,MR,MRP
T6MRL1.RTM,T6MRL1.RTM,T6,MR,MRP
T6MRN1.RTM,T6MRN1.RTM,T6,MR,MRP
t6opsale.RTM,t6opsale.RTM,T6,OP,
t6opsale1.rtm,t6opsale1.rtm,T6,OP,
T6OSO1.rtm,T6OSO1.rtm,T6,OS,
T6PFI4.RTM,T6PFI4.RTM,T6,PF,
T6PIB1.RTM,T6PIB1.RTM,T6,PI,Physical Inventory
t6pib12.rtm,t6pib12.rtm,T6,PI,Physical Inventory
t6pica1.RTM,t6pica1.RTM,T6,PI,Physical Inventory
T6PID1.RTM,T6PID1.RTM,T6,PI,Physical Inventory
t6pif1.rtm,t6pif1.rtm,T6,PI,Physical Inventory
T6POB1.RTM,T6POB1.RTM,T6,PO,Purchase Orders
T6POB1p.rtm,T6POB1p.rtm,T6,PO,Purchase Orders
T6POB2.RTM,T6POB2.RTM,T6,PO,Purchase Orders
T6POB3.btm,T6POB3.btm,T6,PO,Purchase Orders
T6POB3.RTM,T6POB3.RTM,T6,PO,Purchase Orders
T6POB4.RTM,T6POB4.RTM,T6,PO,Purchase Orders
T6POB4a.rtm,T6POB4a.rtm,T6,PO,Purchase Orders
T6POB4AR.rtm,T6POB4AR.rtm,T6,PO,Purchase Orders
T6POB4b.rtm,T6POB4b.rtm,T6,PO,Purchase Orders
T6POB4fl.rtm,T6POB4fl.rtm,T6,PO,Purchase Orders
T6POB4R.RTM,T6POB4R.RTM,T6,PO,Purchase Orders
T6POB4RA.RTM,T6POB4RA.RTM,T6,PO,Purchase Orders
T6POCLOT.RTM,T6POCLOT.RTM,T6,PO,Purchase Orders
T6POE1.RTM,T6POE1.RTM,T6,PO,Purchase Orders
T6POE2.RTM,T6POE2.RTM,T6,PO,Purchase Orders
T6POE3.RTM,T6POE3.RTM,T6,PO,Purchase Orders
t6poia1.btm,t6poia1.btm,T6,PO,Purchase Orders
t6poia1.RTM,t6poia1.RTM,T6,PO,Purchase Orders
t6poia1a.rtm,t6poia1a.rtm,T6,PO,Purchase Orders
t6poia2.RTM,t6poia2.RTM,T6,PO,Purchase Orders
T6POIA3.RTM,T6POIA3.RTM,T6,PO,Purchase Orders
t6poib1.rtm,t6poib1.rtm,T6,PO,Purchase Orders
t6poib2.rtm,t6poib2.rtm,T6,PO,Purchase Orders
T6POIC.RTM,T6POIC.RTM,T6,PO,Purchase Orders
T6POID.RTM,T6POID.RTM,T6,PO,Purchase Orders
t6poie1.rtm,t6poie1.rtm,T6,PO,Purchase Orders
t6poie1v.RTM,t6poie1v.RTM,T6,PO,Purchase Orders
t6poie2.rtm,t6poie2.rtm,T6,PO,Purchase Orders
t6poif1.rtm,t6poif1.rtm,T6,PO,Purchase Orders
t6poif2.rtm,t6poif2.rtm,T6,PO,Purchase Orders
t6poig1.RTM,t6poig1.RTM,T6,PO,Purchase Orders
t6poig2.rtm,t6poig2.rtm,T6,PO,Purchase Orders
T6POIH.RTM,T6POIH.RTM,T6,PO,Purchase Orders
T6POIH1.RTM,T6POIH1.RTM,T6,PO,Purchase Orders
t6poih2.RTM,t6poih2.RTM,T6,PO,Purchase Orders
T6POII1.RTM,T6POII1.RTM,T6,PO,Purchase Orders
T6POIL1.RTM,T6POIL1.RTM,T6,PO,Purchase Orders
t6poja1.RTM,t6poja1.RTM,T6,PO,Purchase Orders
t6poja2.RTM,t6poja2.RTM,T6,PO,Purchase Orders
t6pojb1.RTM,t6pojb1.RTM,T6,PO,Purchase Orders
T6POJD1.RTM,T6POJD1.RTM,T6,PO,Purchase Orders
t6POK.RTM,t6POK.RTM,T6,PO,Purchase Orders
T6POLP.RTM,T6POLP.RTM,T6,PO,Purchase Orders
T6PPM1.rtm,T6PPM1.rtm,T6,PP,
T6PRC1.RTM,T6PRC1.RTM,T6,PR,Payroll
T6PRC2.RTM,T6PRC2.RTM,T6,PR,Payroll
t6prd1.RTM,t6prd1.RTM,T6,PR,Payroll
t6prd2.rtm,t6prd2.rtm,T6,PR,Payroll
T6PRD4.rtm,T6PRD4.rtm,T6,PR,Payroll
T6PRE1.RTM,T6PRE1.RTM,T6,PR,Payroll
T6preq1.rtm,T6preq1.rtm,T6,PR,Payroll
T6PRG1.RTM,T6PRG1.RTM,T6,PR,Payroll
T6PRI1.RTM,T6PRI1.RTM,T6,PR,Payroll
T6PRI1n.rtm,T6PRI1n.rtm,T6,PR,Payroll
T6PRK1.RTM,T6PRK1.RTM,T6,PR,Payroll
T6PRLA1.RTM,T6PRLA1.RTM,T6,PR,Payroll
T6PRLB1.RTM,T6PRLB1.RTM,T6,PR,Payroll
T6PRLC1.RTM,T6PRLC1.RTM,T6,PR,Payroll
T6PRLC2.RTM,T6PRLC2.RTM,T6,PR,Payroll
T6PRLD1.RTM,T6PRLD1.RTM,T6,PR,Payroll
T6PRLE1.RTM,T6PRLE1.RTM,T6,PR,Payroll
T6PRLE2.RTM,T6PRLE2.RTM,T6,PR,Payroll
T6prlf1.RTM,T6prlf1.RTM,T6,PR,Payroll
T6PRLG1.RTM,T6PRLG1.RTM,T6,PR,Payroll
T6PRLG1a.rtm,T6PRLG1a.rtm,T6,PR,Payroll
T6PRLH1.RTM,T6PRLH1.RTM,T6,PR,Payroll
T6PRLI.RTM,T6PRLI.RTM,T6,PR,Payroll
T6PRLI2.RTM,T6PRLI2.RTM,T6,PR,Payroll
T6PRLJ1.RTM,T6PRLJ1.RTM,T6,PR,Payroll
T6prlk1.RTM,T6prlk1.RTM,T6,PR,Payroll
T6PRLM1.RTM,T6PRLM1.RTM,T6,PR,Payroll
T6prln1.RTM,T6prln1.RTM,T6,PR,Payroll
T6PRLO1.RTM,T6PRLO1.RTM,T6,PR,Payroll
T6PRLP1.RTM,T6PRLP1.RTM,T6,PR,Payroll
T6PRN1.RTM,T6PRN1.RTM,T6,PR,Payroll
T6QCA1.RTM,T6QCA1.RTM,T6,QC,Quality Control
T6QCB1.RTM,T6QCB1.RTM,T6,QC,Quality Control
T6QCC1.RTM,T6QCC1.RTM,T6,QC,Quality Control
T6QCD1.RTM,T6QCD1.RTM,T6,QC,Quality Control
t6qcfb1.RTM,t6qcfb1.RTM,T6,QC,Quality Control
T6QCFB2.RTM,T6QCFB2.RTM,T6,QC,Quality Control
T6QCFF1.RTM,T6QCFF1.RTM,T6,QC,Quality Control
t6qcgb1.RTM,t6qcgb1.RTM,T6,QC,Quality Control
T6QCGD1.RTM,T6QCGD1.RTM,T6,QC,Quality Control
T6QCRES1.RTM,T6QCRES1.RTM,T6,QC,Quality Control
t6qual1.rtm,t6qual1.rtm,T6,QU,Queries & Reports
T6RCOR1.rtm,T6RCOR1.rtm,T6,RC,
T6RDR1.rtm,T6RDR1.rtm,T6,RD,
T6RECN1.rtm,T6RECN1.rtm,T6,RE,
T6RemRp1.rtm,T6RemRp1.rtm,T6,RE,
T6RemRp2.rtm,T6RemRp2.rtm,T6,RE,
T6RemRpt.rtm,T6RemRpt.rtm,T6,RE,
t6rma1.RTM,t6rma1.RTM,T6,RM,RMA
t6rma2.btm,t6rma2.btm,T6,RM,RMA
t6rma2.RTM,t6rma2.RTM,T6,RM,RMA
t6rma4.RTM,t6rma4.RTM,T6,RM,RMA
t6rma5.btm,t6rma5.btm,T6,RM,RMA
t6rma6.btm,t6rma6.btm,T6,RM,RMA
t6rma6.RTM,t6rma6.RTM,T6,RM,RMA
t6rma7.RTM,t6rma7.RTM,T6,RM,RMA
t6rma9.RTM,t6rma9.RTM,T6,RM,RMA
T6RMG1.RTM,T6RMG1.RTM,T6,RM,RMA
T6RMIN1.rtm,T6RMIN1.rtm,T6,RM,RMA
T6ROB1.RTM,T6ROB1.RTM,T6,RO,Routings
T6ROB2.rtm,T6ROB2.rtm,T6,RO,Routings
T6ROJA1.RTM,T6ROJA1.RTM,T6,RO,Routings
T6ROJA2.RTM,T6ROJA2.RTM,T6,RO,Routings
T6ROJA3.RTM,T6ROJA3.RTM,T6,RO,Routings
T6ROJA4.RTM,T6ROJA4.RTM,T6,RO,Routings
T6ROJB1.RTM,T6ROJB1.RTM,T6,RO,Routings
T6ROJC1.RTM,T6ROJC1.RTM,T6,RO,Routings
T6ROJD1.RTM,T6ROJD1.RTM,T6,RO,Routings
T6ROJE1.RTM,T6ROJE1.RTM,T6,RO,Routings
T6ROJF1.RTM,T6ROJF1.RTM,T6,RO,Routings
T6ROJG1.RTM,T6ROJG1.RTM,T6,RO,Routings
T6ROJH1.RTM,T6ROJH1.RTM,T6,RO,Routings
T6RQUAL1.rtm,T6RQUAL1.rtm,T6,RQ,
T6RSPR1.rtm,T6RSPR1.rtm,T6,RS,
T6RTRue.rtm,T6RTRue.rtm,T6,RT,
T6RVAR1.rtm,T6RVAR1.rtm,T6,RV,
t6saa1.RTM,t6saa1.RTM,T6,SA,Sales Analysis
t6saa1a.rtm,t6saa1a.rtm,T6,SA,Sales Analysis
t6saa2.rtm,t6saa2.rtm,T6,SA,Sales Analysis
t6saa5.RTM,t6saa5.RTM,T6,SA,Sales Analysis
T6SAB1.RTM,T6SAB1.RTM,T6,SA,Sales Analysis
t6sam1.RTM,t6sam1.RTM,T6,SA,Sales Analysis
t6sam1c.rtm,t6sam1c.rtm,T6,SA,Sales Analysis
t6sam1l.RTM,t6sam1l.RTM,T6,SA,Sales Analysis
t6sam1la.rtm,t6sam1la.rtm,T6,SA,Sales Analysis
t6sam1R.RTM,t6sam1R.RTM,T6,SA,Sales Analysis
t6sam2.RTM,t6sam2.RTM,T6,SA,Sales Analysis
T6san1.btm,T6san1.btm,T6,SA,Sales Analysis
T6san1.rtm,T6san1.rtm,T6,SA,Sales Analysis
T6san1R.RTM,T6san1R.RTM,T6,SA,Sales Analysis
T6SAN2.RTM,T6SAN2.RTM,T6,SA,Sales Analysis
T6san3.RTM,T6san3.RTM,T6,SA,Sales Analysis
T6SAO1.RTM,T6SAO1.RTM,T6,SA,Sales Analysis
T6SAO2.RTM,T6SAO2.RTM,T6,SA,Sales Analysis
T6SAO3.RTM,T6SAO3.RTM,T6,SA,Sales Analysis
T6SAP1.RTM,T6SAP1.RTM,T6,SA,Sales Analysis
T6SCC1.RTM,T6SCC1.RTM,T6,SC,Serial Control
T6SCF1.RTM,T6SCF1.RTM,T6,SC,Serial Control
T6SCH1.RTM,T6SCH1.RTM,T6,SC,Serial Control
T6SHE1.RTM,T6SHE1.RTM,T6,SH,Scheduling
T6SHF1.RTM,T6SHF1.RTM,T6,SH,Scheduling
T6SHG1.RTM,T6SHG1.RTM,T6,SH,Scheduling
T6SHH1.RTM,T6SHH1.RTM,T6,SH,Scheduling
t6shi1.rtm,t6shi1.rtm,T6,SH,Scheduling
t6shi2.RTM,t6shi2.RTM,T6,SH,Scheduling
t6shi3.rtm,t6shi3.rtm,T6,SH,Scheduling
t6shi4.rtm,t6shi4.rtm,T6,SH,Scheduling
T6SHI5.RTM,T6SHI5.RTM,T6,SH,Scheduling
T6SHI6.rtm,T6SHI6.rtm,T6,SH,Scheduling
T6SHJ1.RTM,T6SHJ1.RTM,T6,SH,Scheduling
T6SHN1.RTM,T6SHN1.RTM,T6,SH,Scheduling
T6SHO1.RTM,T6SHO1.RTM,T6,SH,Scheduling
t6shp1.RTM,t6shp1.RTM,T6,SH,Scheduling
T6SHP2.rtm,T6SHP2.rtm,T6,SH,Scheduling
T6SMC1.RTM,T6SMC1.RTM,T6,SM,System Maintenance
T6SMG1.RTM,T6SMG1.RTM,T6,SM,System Maintenance
T6SMG2.RTM,T6SMG2.RTM,T6,SM,System Maintenance
T6SMJA1.RTM,T6SMJA1.RTM,T6,SM,System Maintenance
T6SMJAH.RTM,T6SMJAH.RTM,T6,SM,System Maintenance
T6SMJB1.RTM,T6SMJB1.RTM,T6,SM,System Maintenance
t6smjc.rtm,t6smjc.rtm,T6,SM,System Maintenance
t6smjc1.RTM,t6smjc1.RTM,T6,SM,System Maintenance
T6SMJD1.RTM,T6SMJD1.RTM,T6,SM,System Maintenance
T6SMJE1.RTM,T6SMJE1.RTM,T6,SM,System Maintenance
T6SMJL1.RTM,T6SMJL1.RTM,T6,SM,System Maintenance
T6SMJM1.RTM,T6SMJM1.RTM,T6,SM,System Maintenance
T6SMJN1.RTM,T6SMJN1.RTM,T6,SM,System Maintenance
T6SMJQ1.RTM,T6SMJQ1.RTM,T6,SM,System Maintenance
T6SMJV1.RTM,T6SMJV1.RTM,T6,SM,System Maintenance
T6SMO1.RTM,T6SMO1.RTM,T6,SM,System Maintenance
T6SMPH1.RTM,T6SMPH1.RTM,T6,SM,System Maintenance
T6SMSB1.RTM,T6SMSB1.RTM,T6,SM,System Maintenance
T6SMU1.RTM,T6SMU1.RTM,T6,SM,System Maintenance
T6SOB1.RTM,T6SOB1.RTM,T6,SO,Sales Orders
T6SOB2.RTM,T6SOB2.RTM,T6,SO,Sales Orders
T6SOB3.RTM,T6SOB3.RTM,T6,SO,Sales Orders
T6SOB4.btm,T6SOB4.btm,T6,SO,Sales Orders
T6SOB4.RTM,T6SOB4.RTM,T6,SO,Sales Orders
t6sob4c.RTM,t6sob4c.RTM,T6,SO,Sales Orders
T6SOB4d.rtm,T6SOB4d.rtm,T6,SO,Sales Orders
T6SOB4j.rtm,T6SOB4j.rtm,T6,SO,Sales Orders
T6SOB4q.rtm,T6SOB4q.rtm,T6,SO,Sales Orders
T6SOB4r.rtm,T6SOB4r.rtm,T6,SO,Sales Orders
T6SOB4s.rtm,T6SOB4s.rtm,T6,SO,Sales Orders
T6SOC1.RTM,T6SOC1.RTM,T6,SO,Sales Orders
T6SOC1T.RTM,T6SOC1T.RTM,T6,SO,Sales Orders
T6SOC2.RTM,T6SOC2.RTM,T6,SO,Sales Orders
T6SOC2T.RTM,T6SOC2T.RTM,T6,SO,Sales Orders
T6SOC3.RTM,T6SOC3.RTM,T6,SO,Sales Orders
T6SOC3c.rtm,T6SOC3c.rtm,T6,SO,Sales Orders
t6soc3d.rtm,t6soc3d.rtm,T6,SO,Sales Orders
T6SOC3E.RTM,T6SOC3E.RTM,T6,SO,Sales Orders
T6SOC3T.RTM,T6SOC3T.RTM,T6,SO,Sales Orders
T6SOC4.btm,T6SOC4.btm,T6,SO,Sales Orders
T6SOC4.RTM,T6SOC4.RTM,T6,SO,Sales Orders
t6soc4bb.rtm,t6soc4bb.rtm,T6,SO,Sales Orders
T6SOC4fl.rtm,T6SOC4fl.rtm,T6,SO,Sales Orders
T6SOC4T - Copy.RTM,T6SOC4T - Copy.RTM,T6,SO,Sales Orders
T6SOC4T.btm,T6SOC4T.btm,T6,SO,Sales Orders
T6SOC4T.RTM,T6SOC4T.RTM,T6,SO,Sales Orders
T6SOC4tp.rtm,T6SOC4tp.rtm,T6,SO,Sales Orders
t6soc4w.rtm,t6soc4w.rtm,T6,SO,Sales Orders
t6socal.RTM,t6socal.RTM,T6,SO,Sales Orders
t6socal2.RTM,t6socal2.RTM,T6,SO,Sales Orders
T6SOCCNF.RTM,T6SOCCNF.RTM,T6,SO,Sales Orders
T6SOCCOO.RTM,T6SOCCOO.RTM,T6,SO,Sales Orders
T6SOCOC1.RTM,T6SOCOC1.RTM,T6,SO,Sales Orders
T6SODD1.RTM,T6SODD1.RTM,T6,SO,Sales Orders
T6SODD1m.rtm,T6SODD1m.rtm,T6,SO,Sales Orders
T6SODD1P.rtm,T6SODD1P.rtm,T6,SO,Sales Orders
T6SODD2.RTM,T6SODD2.RTM,T6,SO,Sales Orders
T6SODH1.RTM,T6SODH1.RTM,T6,SO,Sales Orders
T6SODH2.RTM,T6SODH2.RTM,T6,SO,Sales Orders
T6SODH3.rtm,T6SODH3.rtm,T6,SO,Sales Orders
T6SOF1.rtm,T6SOF1.rtm,T6,SO,Sales Orders
T6SOF1s.rtm,T6SOF1s.rtm,T6,SO,Sales Orders
T6SOF2.rtm,T6SOF2.rtm,T6,SO,Sales Orders
T6SOF3.rtm,T6SOF3.rtm,T6,SO,Sales Orders
T6SOF3D.RTM,T6SOF3D.RTM,T6,SO,Sales Orders
T6SOF4.btm,T6SOF4.btm,T6,SO,Sales Orders
T6SOF4.rtm,T6SOF4.rtm,T6,SO,Sales Orders
T6SOF4.RTM1.btm,T6SOF4.RTM1.btm,T6,SO,Sales Orders
T6SOF4A.btm,T6SOF4A.btm,T6,SO,Sales Orders
T6SOF4A.rtm,T6SOF4A.rtm,T6,SO,Sales Orders
T6SOF4B.btm,T6SOF4B.btm,T6,SO,Sales Orders
T6SOF4B.rtm,T6SOF4B.rtm,T6,SO,Sales Orders
T6SOF4C.RTM,T6SOF4C.RTM,T6,SO,Sales Orders
T6SOF4D.btm,T6SOF4D.btm,T6,SO,Sales Orders
T6SOF4D.rtm,T6SOF4D.rtm,T6,SO,Sales Orders
T6SOF4fl.rtm,T6SOF4fl.rtm,T6,SO,Sales Orders
T6SOF4X.RTM,T6SOF4X.RTM,T6,SO,Sales Orders
T6SOF4_WITH_BANK_INFO.btm,T6SOF4_WITH_BANK_INFO.btm,T6,SO,Sales Orders
T6SOF4_WITH_BANK_INFO.rtm,T6SOF4_WITH_BANK_INFO.rtm,T6,SO,Sales Orders
T6SOGCG1.RTM,T6SOGCG1.RTM,T6,SO,Sales Orders
T6SOGCM1.RTM,T6SOGCM1.RTM,T6,SO,Sales Orders
t6sok1.RTM,t6sok1.RTM,T6,SO,Sales Orders
t6som1.RTM,t6som1.RTM,T6,SO,Sales Orders
t6som2.RTM,t6som2.RTM,T6,SO,Sales Orders
t6som3.RTM,t6som3.RTM,T6,SO,Sales Orders
t6som4.RTM,t6som4.RTM,T6,SO,Sales Orders
t6soma1.RTM,t6soma1.RTM,T6,SO,Sales Orders
t6soma2.RTM,t6soma2.RTM,T6,SO,Sales Orders
t6soma3.RTM,t6soma3.RTM,T6,SO,Sales Orders
t6soma4.RTM,t6soma4.RTM,T6,SO,Sales Orders
T6SON1.RTM,T6SON1.RTM,T6,SO,Sales Orders
T6SON2.RTM,T6SON2.RTM,T6,SO,Sales Orders
T6SOOA1.RTM,T6SOOA1.RTM,T6,SO,Sales Orders
T6SOOA2.RTM,T6SOOA2.RTM,T6,SO,Sales Orders
T6SOOA3.RTM,T6SOOA3.RTM,T6,SO,Sales Orders
T6SOOB1.RTM,T6SOOB1.RTM,T6,SO,Sales Orders
T6SOOB2.RTM,T6SOOB2.RTM,T6,SO,Sales Orders
T6SOOD1.RTM,T6SOOD1.RTM,T6,SO,Sales Orders
T6SOOD2.RTM,T6SOOD2.RTM,T6,SO,Sales Orders
T6SOOE1.RTM,T6SOOE1.RTM,T6,SO,Sales Orders
T6SOOE2.rtm,T6SOOE2.rtm,T6,SO,Sales Orders
T6SOOE3.RTM,T6SOOE3.RTM,T6,SO,Sales Orders
T6SOOE4.RTM,T6SOOE4.RTM,T6,SO,Sales Orders
T6SOOE5.rtm,T6SOOE5.rtm,T6,SO,Sales Orders
T6SOOE6.RTM,T6SOOE6.RTM,T6,SO,Sales Orders
T6SOOE7.RTM,T6SOOE7.RTM,T6,SO,Sales Orders
T6SOOEC.RTM,T6SOOEC.RTM,T6,SO,Sales Orders
t6soof1.RTM,t6soof1.RTM,T6,SO,Sales Orders
t6soof1b.rtm,t6soof1b.rtm,T6,SO,Sales Orders
t6soof2.rtm,t6soof2.rtm,T6,SO,Sales Orders
t6soof3.rtm,t6soof3.rtm,T6,SO,Sales Orders
t6soof5.rtm,t6soof5.rtm,T6,SO,Sales Orders
T6SOOG1.RTM,T6SOOG1.RTM,T6,SO,Sales Orders
T6SOOH1.rtm,T6SOOH1.rtm,T6,SO,Sales Orders
T6SOOH1C.rtm,T6SOOH1C.rtm,T6,SO,Sales Orders
T6SOOI1.RTM,T6SOOI1.RTM,T6,SO,Sales Orders
T6SOOI2.RTM,T6SOOI2.RTM,T6,SO,Sales Orders
T6SOOI3.rtm,T6SOOI3.rtm,T6,SO,Sales Orders
T6SOOJ1.RTM,T6SOOJ1.RTM,T6,SO,Sales Orders
T6SOOJ1L.RTM,T6SOOJ1L.RTM,T6,SO,Sales Orders
T6SOOJ1R.RTM,T6SOOJ1R.RTM,T6,SO,Sales Orders
t6sooj2.RTM,t6sooj2.RTM,T6,SO,Sales Orders
T6SOOJ3.RTM,T6SOOJ3.RTM,T6,SO,Sales Orders
T6sook1.rtm,T6sook1.rtm,T6,SO,Sales Orders
T6sook1R.RTM,T6sook1R.RTM,T6,SO,Sales Orders
t6sook2.RTM,t6sook2.RTM,T6,SO,Sales Orders
t6soom1.RTM,t6soom1.RTM,T6,SO,Sales Orders
t6soom2.RTM,t6soom2.RTM,T6,SO,Sales Orders
t6soon1.RTM,t6soon1.RTM,T6,SO,Sales Orders
t6soon2.RTM,t6soon2.RTM,T6,SO,Sales Orders
t6soon3.RTM,t6soon3.RTM,T6,SO,Sales Orders
t6soon4.btm,t6soon4.btm,T6,SO,Sales Orders
t6soon4.RTM,t6soon4.RTM,T6,SO,Sales Orders
T6SOOTM.RTM,T6SOOTM.RTM,T6,SO,Sales Orders
T6SOPB1.RTM,T6SOPB1.RTM,T6,SO,Sales Orders
T6SOPB2.RTM,T6SOPB2.RTM,T6,SO,Sales Orders
T6SOPB3.RTM,T6SOPB3.RTM,T6,SO,Sales Orders
T6SOPB4.btm,T6SOPB4.btm,T6,SO,Sales Orders
T6SOPB4.RTM,T6SOPB4.RTM,T6,SO,Sales Orders
T6SOPB42.btm,T6SOPB42.btm,T6,SO,Sales Orders
T6SOPB42.RTM,T6SOPB42.RTM,T6,SO,Sales Orders
T6SOPB4A.RTM,T6SOPB4A.RTM,T6,SO,Sales Orders
t6sopb4x.rtm,t6sopb4x.rtm,T6,SO,Sales Orders
T6SOPB5.rtm,T6SOPB5.rtm,T6,SO,Sales Orders
T6SOPC4.RTM,T6SOPC4.RTM,T6,SO,Sales Orders
T6SOPCA1.RTM,T6SOPCA1.RTM,T6,SO,Sales Orders
T6SOPD1.RTM,T6SOPD1.RTM,T6,SO,Sales Orders
T6SOPD1L.RTM,T6SOPD1L.RTM,T6,SO,Sales Orders
T6sope1.rtm,T6sope1.rtm,T6,SO,Sales Orders
T6SOPL1 - Copy.RTM,T6SOPL1 - Copy.RTM,T6,SO,Sales Orders
T6SOPL1.RTM,T6SOPL1.RTM,T6,SO,Sales Orders
T6SOPM1.RTM,T6SOPM1.RTM,T6,SO,Sales Orders
T6SOPO1.RTM,T6SOPO1.RTM,T6,SO,Sales Orders
t6soqb1.RTM,t6soqb1.RTM,T6,SO,Sales Orders
t6soqe1.RTM,t6soqe1.RTM,T6,SO,Sales Orders
t6soqg1.RTM,t6soqg1.RTM,T6,SO,Sales Orders
t6soqi1.RTM,t6soqi1.RTM,T6,SO,Sales Orders
T6SOQI2.RTM,T6SOQI2.RTM,T6,SO,Sales Orders
t6soqj1.RTM,t6soqj1.RTM,T6,SO,Sales Orders
t6soqk1.rtm,t6soqk1.rtm,T6,SO,Sales Orders
t6soqk2.rtm,t6soqk2.rtm,T6,SO,Sales Orders
T6sosb4.rtm,T6sosb4.rtm,T6,SO,Sales Orders
T6SPC1.rtm,T6SPC1.rtm,T6,SP,
T6SPC2.rtm,T6SPC2.rtm,T6,SP,
T6SPC3.rtm,T6SPC3.rtm,T6,SP,
T6SPC3x.rtm,T6SPC3x.rtm,T6,SP,
T6SPC4.rtm,T6SPC4.rtm,T6,SP,
T6SPC5.rtm,T6SPC5.rtm,T6,SP,
T6SPR1.rtm,T6SPR1.rtm,T6,SP,
t6srb1.rtm,t6srb1.rtm,T6,SR,Service and Repair
t6srb2.rtm,t6srb2.rtm,T6,SR,Service and Repair
t6srb3.rtm,t6srb3.rtm,T6,SR,Service and Repair
t6srb4.rtm,t6srb4.rtm,T6,SR,Service and Repair
t6srd1.rtm,t6srd1.rtm,T6,SR,Service and Repair
t6srd1t.rtm,t6srd1t.rtm,T6,SR,Service and Repair
t6srd2.rtm,t6srd2.rtm,T6,SR,Service and Repair
t6srd2t.rtm,t6srd2t.rtm,T6,SR,Service and Repair
t6srd3.rtm,t6srd3.rtm,T6,SR,Service and Repair
t6srd3t.rtm,t6srd3t.rtm,T6,SR,Service and Repair
t6srd4.rtm,t6srd4.rtm,T6,SR,Service and Repair
t6srd4t.rtm,t6srd4t.rtm,T6,SR,Service and Repair
t6srf1.rtm,t6srf1.rtm,T6,SR,Service and Repair
t6srf2.rtm,t6srf2.rtm,T6,SR,Service and Repair
t6srf3.rtm,t6srf3.rtm,T6,SR,Service and Repair
t6srf4.rtm,t6srf4.rtm,T6,SR,Service and Repair
T6UTH1.RTM,T6UTH1.RTM,T6,UT,Utilities
T6UTKF1.rtm,T6UTKF1.rtm,T6,UT,Utilities
T6UTKG1.RTM,T6UTKG1.RTM,T6,UT,Utilities
T6UTKH1.RTM,T6UTKH1.RTM,T6,UT,Utilities
T6VAR1.rtm,T6VAR1.rtm,T6,VA,
t6wai1.RTM,t6wai1.RTM,T6,WA,
T6WCH1.RTM,T6WCH1.RTM,T6,WC,Warehouse Control
t6wob1.RTM,t6wob1.RTM,T6,WO,Work Orders
T6WOB2.RTM,T6WOB2.RTM,T6,WO,Work Orders
t6woc1.RTM,t6woc1.RTM,T6,WO,Work Orders
t6woc10.RTM,t6woc10.RTM,T6,WO,Work Orders
t6woc11.RTM,t6woc11.RTM,T6,WO,Work Orders
t6woc1e.rtm,t6woc1e.rtm,T6,WO,Work Orders
t6woc2.rtm,t6woc2.rtm,T6,WO,Work Orders
T6woc2g.rtm,T6woc2g.rtm,T6,WO,Work Orders
t6woc3.RTM,t6woc3.RTM,T6,WO,Work Orders
t6woc3e.rtm,t6woc3e.rtm,T6,WO,Work Orders
T6WOC4.RTM,T6WOC4.RTM,T6,WO,Work Orders
T6WOC42.btm,T6WOC42.btm,T6,WO,Work Orders
T6WOC42.RTM,T6WOC42.RTM,T6,WO,Work Orders
T6WOC43.btm,T6WOC43.btm,T6,WO,Work Orders
T6WOC43.RTM,T6WOC43.RTM,T6,WO,Work Orders
t6woc5.RTM,t6woc5.RTM,T6,WO,Work Orders
t6woc6.RTM,t6woc6.RTM,T6,WO,Work Orders
t6woc9 - backup 9-24-25.RTM,t6woc9 - backup 9-24-25.RTM,T6,WO,Work Orders
t6woc9 backup 5-14-25.RTM,t6woc9 backup 5-14-25.RTM,T6,WO,Work Orders
t6woc9.btm,t6woc9.btm,T6,WO,Work Orders
t6woc9.RTM,t6woc9.RTM,T6,WO,Work Orders
t6woc9B.RTM,t6woc9B.RTM,T6,WO,Work Orders
t6wod1.btm,t6wod1.btm,T6,WO,Work Orders
t6wod1.RTM,t6wod1.RTM,T6,WO,Work Orders
t6wod1a.rtm,t6wod1a.rtm,T6,WO,Work Orders
t6wod1C.RTM,t6wod1C.RTM,T6,WO,Work Orders
t6wod1L.rtm,t6wod1L.rtm,T6,WO,Work Orders
t6wod1M.RTM,t6wod1M.RTM,T6,WO,Work Orders
T6WOD2.RTM,T6WOD2.RTM,T6,WO,Work Orders
t6wod3.RTM,t6wod3.RTM,T6,WO,Work Orders
t6wod4.RTM,t6wod4.RTM,T6,WO,Work Orders
T6WOE1.RTM,T6WOE1.RTM,T6,WO,Work Orders
T6WOE2.RTM,T6WOE2.RTM,T6,WO,Work Orders
T6WOFA1.rtm,T6WOFA1.rtm,T6,WO,Work Orders
T6WOG1.RTM,T6WOG1.RTM,T6,WO,Work Orders
t6wogimp1.RTM,t6wogimp1.RTM,T6,WO,Work Orders
T6WOJ1.RTM,T6WOJ1.RTM,T6,WO,Work Orders
T6WOKJ1.RTM,T6WOKJ1.RTM,T6,WO,Work Orders
T6WOKS1.RTM,T6WOKS1.RTM,T6,WO,Work Orders
t6wola1.RTM,t6wola1.RTM,T6,WO,Work Orders
t6wola2.RTM,t6wola2.RTM,T6,WO,Work Orders
t6wola3.rtm,t6wola3.rtm,T6,WO,Work Orders
T6WOLB1.RTM,T6WOLB1.RTM,T6,WO,Work Orders
T6WOLB2.RTM,T6WOLB2.RTM,T6,WO,Work Orders
t6wolc1.RTM,t6wolc1.RTM,T6,WO,Work Orders
t6wolc2.RTM,t6wolc2.RTM,T6,WO,Work Orders
t6wolc3.rtm,t6wolc3.rtm,T6,WO,Work Orders
T6WOLC4.RTM,T6WOLC4.RTM,T6,WO,Work Orders
t6wold1.RTM,t6wold1.RTM,T6,WO,Work Orders
t6wold2.rtm,t6wold2.rtm,T6,WO,Work Orders
t6wold3.rtm,t6wold3.rtm,T6,WO,Work Orders
T6WOLE1.RTM,T6WOLE1.RTM,T6,WO,Work Orders
t6wolf1.RTM,t6wolf1.RTM,T6,WO,Work Orders
t6wolf2.rtm,t6wolf2.rtm,T6,WO,Work Orders
t6wolf3.RTM,t6wolf3.RTM,T6,WO,Work Orders
T6WOLG1.RTM,T6WOLG1.RTM,T6,WO,Work Orders
T6WOLH1.RTM,T6WOLH1.RTM,T6,WO,Work Orders
T6WOLI1.RTM,T6WOLI1.RTM,T6,WO,Work Orders
T6WOLI2.RTM,T6WOLI2.RTM,T6,WO,Work Orders
T6WOLI3.RTM,T6WOLI3.RTM,T6,WO,Work Orders
T6WOLJ1.RTM,T6WOLJ1.RTM,T6,WO,Work Orders
T6WOLJ2.RTM,T6WOLJ2.RTM,T6,WO,Work Orders
T6WOLK1.RTM,T6WOLK1.RTM,T6,WO,Work Orders
T6WOLL1.RTM,T6WOLL1.RTM,T6,WO,Work Orders
T6WOLM1.RTM,T6WOLM1.RTM,T6,WO,Work Orders
T6WOLN1.RTM,T6WOLN1.RTM,T6,WO,Work Orders
T6WOP1.RTM,T6WOP1.RTM,T6,WO,Work Orders
T6WOPO1.RTM,T6WOPO1.RTM,T6,WO,Work Orders
T6WOS1.RTM,T6WOS1.RTM,T6,WO,Work Orders
T6WOS1E.rtm,T6WOS1E.rtm,T6,WO,Work Orders
T6WOS1RT.rtm,T6WOS1RT.rtm,T6,WO,Work Orders
T6WOS4.rtm,T6WOS4.rtm,T6,WO,Work Orders
T7APE1.RTM,T7APE1.RTM,T7,AP,Accounts Payable
T7APE2.RTM,T7APE2.RTM,T7,AP,Accounts Payable
T7APG1.RTM,T7APG1.RTM,T7,AP,Accounts Payable
T7APJ1.RTM,T7APJ1.RTM,T7,AP,Accounts Payable
T7APK1.RTM,T7APK1.RTM,T7,AP,Accounts Payable
T7APL1.RTM,T7APL1.RTM,T7,AP,Accounts Payable
T7APR1.RTM,T7APR1.RTM,T7,AP,Accounts Payable
T7BSPrint.RTM,T7BSPrint.RTM,T7,BS,
T7ccr1.rtm,T7ccr1.rtm,T7,CC,
T7DRILL.RTM,T7DRILL.RTM,T7,DR,
T7ENote.RTM,T7ENote.RTM,T7,EN,
T7HLAB1.RTM,T7HLAB1.RTM,T7,HL,
T7HSOE1.RTM,T7HSOE1.RTM,T7,HS,
T7HSOE2.RTM,T7HSOE2.RTM,T7,HS,
t7ing1.rtm,t7ing1.rtm,T7,IN,Inventory
t7ing1A.rtm,t7ing1A.rtm,T7,IN,Inventory
T7PSE.RTM,T7PSE.RTM,T7,PS,Password Security
T7PSF.RTM,T7PSF.RTM,T7,PS,Password Security
t7woc2.btm,t7woc2.btm,T7,WO,Work Orders
t7woc2.RTM,t7woc2.RTM,T7,WO,Work Orders
T8SOB4.RTM,T8SOB4.RTM,Other,T8SOB4,
ticket.rtm,ticket.rtm,Other,TICKET,
ticket2.rtm,ticket2.rtm,Other,TICKET,
topsale.RTM,topsale.RTM,Other,TOPSAL,
topsale1.rtm,topsale1.rtm,Other,TOPSAL,
TS12SQT2.RTM,TS12SQT2.RTM,Other,TS12SQ,
WPLAIN.rtm,WPLAIN.rtm,Other,WPLAIN,
xt6acwl1.rtm,xt6acwl1.rtm,Other,XT6ACW,
T6ABPO1.RTM,Bak Up\Work Area RTM\T6ABPO1.RTM,T6,AB,
T6APS3.btm,Bak Up\Work Area RTM\T6APS3.btm,T6,AP,Accounts Payable
T6APS3.RTM,Bak Up\Work Area RTM\T6APS3.RTM,T6,AP,Accounts Payable
T6APS3OLD.RTM,Bak Up\Work Area RTM\T6APS3OLD.RTM,T6,AP,Accounts Payable
T6APS4.RTM,Bak Up\Work Area RTM\T6APS4.RTM,T6,AP,Accounts Payable
t6bmb1.RTM,Bak Up\Work Area RTM\t6bmb1.RTM,T6,BM,Bill of Materials
T6CSOC2.RTM,Bak Up\Work Area RTM\T6CSOC2.RTM,T6,CS,Commissions
T6I2SINV.RTM,Bak Up\Work Area RTM\T6I2SINV.RTM,Other,T6I2SI,
T6I2SPO1.btm,Bak Up\Work Area RTM\T6I2SPO1.btm,Other,T6I2SP,
T6I2SPO1.RTM,Bak Up\Work Area RTM\T6I2SPO1.RTM,Other,T6I2SP,
t6ino1.RTM,Bak Up\Work Area RTM\t6ino1.RTM,T6,IN,Inventory
t6poja1.RTM,Bak Up\Work Area RTM\t6poja1.RTM,T6,PO,Purchase Orders
T6SOB4.RTM,Bak Up\Work Area RTM\T6SOB4.RTM,T6,SO,Sales Orders
T6SOF3.RTM,Bak Up\Work Area RTM\T6SOF3.RTM,T6,SO,Sales Orders
T6SOF4.RTM,Bak Up\Work Area RTM\T6SOF4.RTM,T6,SO,Sales Orders
T6SOOD1.btm,Bak Up\Work Area RTM\T6SOOD1.btm,T6,SO,Sales Orders
T6SOOD1.RTM,Bak Up\Work Area RTM\T6SOOD1.RTM,T6,SO,Sales Orders
T6SOPB4.btm,Bak Up\Work Area RTM\T6SOPB4.btm,T6,SO,Sales Orders
T6SOPB4.RTM,Bak Up\Work Area RTM\T6SOPB4.RTM,T6,SO,Sales Orders
t6woc10.RTM,Bak Up\Work Area RTM\t6woc10.RTM,T6,WO,Work Orders
t6woc11.btm,Bak Up\Work Area RTM\t6woc11.btm,T6,WO,Work Orders
t6woc11.RTM,Bak Up\Work Area RTM\t6woc11.RTM,T6,WO,Work Orders
t6woc9.btm,Bak Up\Work Area RTM\t6woc9.btm,T6,WO,Work Orders
t6woc9.RTM,Bak Up\Work Area RTM\t6woc9.RTM,T6,WO,Work Orders
t6woc9B.RTM,Bak Up\Work Area RTM\t6woc9B.RTM,T6,WO,Work Orders
t6wod1.RTM,Bak Up\Work Area RTM\t6wod1.RTM,T6,WO,Work Orders
t6wod1C.RTM,Bak Up\Work Area RTM\t6wod1C.RTM,T6,WO,Work Orders
t6wod4.RTM,Bak Up\Work Area RTM\t6wod4.RTM,T6,WO,Work Orders
T6APS3.RTM,icons\T6APS3.RTM,T6,AP,Accounts Payable
ENSOF4T.RTM,localization\ENSOF4T.RTM,Other,ENSOF4,
T6POB3.RTM,New folder\T6POB3.RTM,T6,PO,Purchase Orders
T6POB4.RTM,New folder\T6POB4.RTM,T6,PO,Purchase Orders
T6SOB3.RTM,New folder\T6SOB3.RTM,T6,SO,Sales Orders
T6SOB4.RTM,New folder\T6SOB4.RTM,T6,SO,Sales Orders
T6SOC3.RTM,New folder\T6SOC3.RTM,T6,SO,Sales Orders
T6SOC4.RTM,New folder\T6SOC4.RTM,T6,SO,Sales Orders
T6SOF3.rtm,New folder\T6SOF3.rtm,T6,SO,Sales Orders
T6SOF4.rtm,New folder\T6SOF4.rtm,T6,SO,Sales Orders
t6woc3.RTM,New folder\t6woc3.RTM,T6,WO,Work Orders
t6woc9.RTM,New folder\t6woc9.RTM,T6,WO,Work Orders
BKAPH1.rtm,rtms\BKAPH1.rtm,BK,AP,Accounts Payable
BKAPH2.rtm,rtms\BKAPH2.rtm,BK,AP,Accounts Payable
BKAPHA1.rtm,rtms\BKAPHA1.rtm,BK,AP,Accounts Payable
BKAPHA2.rtm,rtms\BKAPHA2.rtm,BK,AP,Accounts Payable
BKAPHA3.rtm,rtms\BKAPHA3.rtm,BK,AP,Accounts Payable
BKAPM1.rtm,rtms\BKAPM1.rtm,BK,AP,Accounts Payable
BKAPM2.rtm,rtms\BKAPM2.rtm,BK,AP,Accounts Payable
BKAPM3.rtm,rtms\BKAPM3.rtm,BK,AP,Accounts Payable
BKAPS1.rtm,rtms\BKAPS1.rtm,BK,AP,Accounts Payable
BKARE1.rtm,rtms\BKARE1.rtm,BK,AR,Accounts Receivable
BKARE2.rtm,rtms\BKARE2.rtm,BK,AR,Accounts Receivable
BKARE3.rtm,rtms\BKARE3.rtm,BK,AR,Accounts Receivable
BKARI1.rtm,rtms\BKARI1.rtm,BK,AR,Accounts Receivable
BKARI2.rtm,rtms\BKARI2.rtm,BK,AR,Accounts Receivable
BKARI3.rtm,rtms\BKARI3.rtm,BK,AR,Accounts Receivable
BKARI4.rtm,rtms\BKARI4.rtm,BK,AR,Accounts Receivable
BKARP1.rtm,rtms\BKARP1.rtm,BK,AR,Accounts Receivable
BKARPL1.rtm,rtms\BKARPL1.rtm,BK,AR,Accounts Receivable
BKAWC1.rtm,rtms\BKAWC1.rtm,BK,AW,
BKAWC2.rtm,rtms\BKAWC2.rtm,BK,AW,
bkawc3.rtm,rtms\bkawc3.rtm,BK,AW,
BKAWE1.rtm,rtms\BKAWE1.rtm,BK,AW,
BKAWE2.rtm,rtms\BKAWE2.rtm,BK,AW,
BKCMBD1.rtm,rtms\BKCMBD1.rtm,BK,CM,Contact Master
BKCMBD2.rtm,rtms\BKCMBD2.rtm,BK,CM,Contact Master
BKCMBD3.rtm,rtms\BKCMBD3.rtm,BK,CM,Contact Master
BKCMBI1.rtm,rtms\BKCMBI1.rtm,BK,CM,Contact Master
BKDCE.rtm,rtms\BKDCE.rtm,BK,DC,Data Collection
BKDCF.rtm,rtms\BKDCF.rtm,BK,DC,Data Collection
BKDCG1.rtm,rtms\BKDCG1.rtm,BK,DC,Data Collection
BKDCG2.rtm,rtms\BKDCG2.rtm,BK,DC,Data Collection
BKESD1.rtm,rtms\BKESD1.rtm,BK,ES,Estimates
BKESD2.rtm,rtms\BKESD2.rtm,BK,ES,Estimates
BKESD3.rtm,rtms\BKESD3.rtm,BK,ES,Estimates
BKESD4.rtm,rtms\BKESD4.rtm,BK,ES,Estimates
BKING1.rtm,rtms\BKING1.rtm,BK,IN,Inventory
BKING2.rtm,rtms\BKING2.rtm,BK,IN,Inventory
BKING3.rtm,rtms\BKING3.rtm,BK,IN,Inventory
BKING5.rtm,rtms\BKING5.rtm,BK,IN,Inventory
BKPOB1.rtm,rtms\BKPOB1.rtm,BK,PO,Purchase Orders
BKPOB2.rtm,rtms\BKPOB2.rtm,BK,PO,Purchase Orders
BKPOB3.rtm,rtms\BKPOB3.rtm,BK,PO,Purchase Orders
BKPOB4.rtm,rtms\BKPOB4.rtm,BK,PO,Purchase Orders
BKPOE1.rtm,rtms\BKPOE1.rtm,BK,PO,Purchase Orders
BKPOE2.rtm,rtms\BKPOE2.rtm,BK,PO,Purchase Orders
bkpoia1.rtm,rtms\bkpoia1.rtm,BK,PO,Purchase Orders
bkpoia2.rtm,rtms\bkpoia2.rtm,BK,PO,Purchase Orders
bkpoib1.rtm,rtms\bkpoib1.rtm,BK,PO,Purchase Orders
bkpoib2.rtm,rtms\bkpoib2.rtm,BK,PO,Purchase Orders
bkpoie1.rtm,rtms\bkpoie1.rtm,BK,PO,Purchase Orders
bkpoie2.rtm,rtms\bkpoie2.rtm,BK,PO,Purchase Orders
bkpoif1.rtm,rtms\bkpoif1.rtm,BK,PO,Purchase Orders
bkpoif2.rtm,rtms\bkpoif2.rtm,BK,PO,Purchase Orders
BKPOJA1.rtm,rtms\BKPOJA1.rtm,BK,PO,Purchase Orders
BKPOJA2.rtm,rtms\BKPOJA2.rtm,BK,PO,Purchase Orders
BKPRD1.rtm,rtms\BKPRD1.rtm,BK,PR,Payroll
BKPRD2.rtm,rtms\BKPRD2.rtm,BK,PR,Payroll
BKPRLI.rtm,rtms\BKPRLI.rtm,BK,PR,Payroll
BKSAM1.rtm,rtms\BKSAM1.rtm,BK,SA,Sales Analysis
BKSAN1.rtm,rtms\BKSAN1.rtm,BK,SA,Sales Analysis
BKSOB1.rtm,rtms\BKSOB1.rtm,BK,SO,Sales Orders
BKSOB2.rtm,rtms\BKSOB2.rtm,BK,SO,Sales Orders
BKSOB3.rtm,rtms\BKSOB3.rtm,BK,SO,Sales Orders
BKSOB4.rtm,rtms\BKSOB4.rtm,BK,SO,Sales Orders
BKSOC1.rtm,rtms\BKSOC1.rtm,BK,SO,Sales Orders
BKSOC2.rtm,rtms\BKSOC2.rtm,BK,SO,Sales Orders
BKSOC3.rtm,rtms\BKSOC3.rtm,BK,SO,Sales Orders
BKSOC4.rtm,rtms\BKSOC4.rtm,BK,SO,Sales Orders
BKSOD.rtm,rtms\BKSOD.rtm,BK,SO,Sales Orders
BKSODD1.rtm,rtms\BKSODD1.rtm,BK,SO,Sales Orders
BKSODD2.rtm,rtms\BKSODD2.rtm,BK,SO,Sales Orders
BKSODH1.rtm,rtms\BKSODH1.rtm,BK,SO,Sales Orders
BKSODH2.rtm,rtms\BKSODH2.rtm,BK,SO,Sales Orders
BKSOF1.rtm,rtms\BKSOF1.rtm,BK,SO,Sales Orders
BKSOF2.rtm,rtms\BKSOF2.rtm,BK,SO,Sales Orders
BKSOF3.rtm,rtms\BKSOF3.rtm,BK,SO,Sales Orders
BKSOF4.rtm,rtms\BKSOF4.rtm,BK,SO,Sales Orders
BKSOF6.rtm,rtms\BKSOF6.rtm,BK,SO,Sales Orders
BKSOF7.rtm,rtms\BKSOF7.rtm,BK,SO,Sales Orders
BKSOM1.rtm,rtms\BKSOM1.rtm,BK,SO,Sales Orders
BKSOM2.rtm,rtms\BKSOM2.rtm,BK,SO,Sales Orders
BKSOM3.rtm,rtms\BKSOM3.rtm,BK,SO,Sales Orders
BKSOM4.rtm,rtms\BKSOM4.rtm,BK,SO,Sales Orders
BKSOOJ1.rtm,rtms\BKSOOJ1.rtm,BK,SO,Sales Orders
BKSOOK1.rtm,rtms\BKSOOK1.rtm,BK,SO,Sales Orders
BKSOPB1.rtm,rtms\BKSOPB1.rtm,BK,SO,Sales Orders
BKSOPB2.rtm,rtms\BKSOPB2.rtm,BK,SO,Sales Orders
BKSOPB3.rtm,rtms\BKSOPB3.rtm,BK,SO,Sales Orders
BKSOPB4.rtm,rtms\BKSOPB4.rtm,BK,SO,Sales Orders
BKwoc1.rtm,rtms\BKwoc1.rtm,BK,WO,Work Orders
BKwoc2.rtm,rtms\BKwoc2.rtm,BK,WO,Work Orders
IBKPOB1.rtm,rtms\IBKPOB1.rtm,Other,IBKPOB,
IBKPOB2.rtm,rtms\IBKPOB2.rtm,Other,IBKPOB,
IBKPOB3.rtm,rtms\IBKPOB3.rtm,Other,IBKPOB,
IBKPOB4.rtm,rtms\IBKPOB4.rtm,Other,IBKPOB,
IBKPOE1.rtm,rtms\IBKPOE1.rtm,Other,IBKPOE,
IBKPOE2.rtm,rtms\IBKPOE2.rtm,Other,IBKPOE,
IBKSOB1.rtm,rtms\IBKSOB1.rtm,Other,IBKSOB,
IBKSOB2.rtm,rtms\IBKSOB2.rtm,Other,IBKSOB,
IBKSOB3.rtm,rtms\IBKSOB3.rtm,Other,IBKSOB,
IBKSOB4.rtm,rtms\IBKSOB4.rtm,Other,IBKSOB,
IBKSOF1.rtm,rtms\IBKSOF1.rtm,Other,IBKSOF,
IBKSOF2.rtm,rtms\IBKSOF2.rtm,Other,IBKSOF,
IBKSOF3.rtm,rtms\IBKSOF3.rtm,Other,IBKSOF,
IBKSOF4.rtm,rtms\IBKSOF4.rtm,Other,IBKSOF,
IBKSOPB1.rtm,rtms\IBKSOPB1.rtm,Other,IBKSOP,
IBKSOPB2.rtm,rtms\IBKSOPB2.rtm,Other,IBKSOP,
IBKSOPB3.rtm,rtms\IBKSOPB3.rtm,Other,IBKSOP,
IBKSOPB4.rtm,rtms\IBKSOPB4.rtm,Other,IBKSOP,
BKAPHA1 - Copy.rtm,RTX\BKAPHA1 - Copy.rtm,BK,AP,Accounts Payable
BKAPS3.RTM,RTX\BKAPS3.RTM,BK,AP,Accounts Payable
BKPRLG1.RTM,RTX\BKPRLG1.RTM,BK,PR,Payroll
ENAPI1.RTM,RTX\ENAPI1.RTM,Other,ENAPI1,
ENAPI2.RTM,RTX\ENAPI2.RTM,Other,ENAPI2,
ENAPI3.RTM,RTX\ENAPI3.RTM,Other,ENAPI3,
enARE1.RTM,RTX\enARE1.RTM,Other,ENARE1,
enare2.RTM,RTX\enare2.RTM,Other,ENARE2,
enare3.RTM,RTX\enare3.RTM,Other,ENARE3,
enare4.RTM,RTX\enare4.RTM,Other,ENARE4,
ENBMB1.RTM,RTX\ENBMB1.RTM,Other,ENBMB1,
ENBMI1.RTM,RTX\ENBMI1.RTM,Other,ENBMI1,
enESB1.RTM,RTX\enESB1.RTM,Other,ENESB1,
ENINE1.RTM,RTX\ENINE1.RTM,Other,ENINE1,
ENJCA1.RTM,RTX\ENJCA1.RTM,Other,ENJCA1,
ENPOB4RA.RTM,RTX\ENPOB4RA.RTM,Other,ENPOB4,
enPOE1.RTM,RTX\enPOE1.RTM,Other,ENPOE1,
enPOE2.rtm,RTX\enPOE2.rtm,Other,ENPOE2,
ENPOIG1.RTM,RTX\ENPOIG1.RTM,Other,ENPOIG,
ENPOIG2.RTM,RTX\ENPOIG2.RTM,Other,ENPOIG,
ENROJA3.RTM,RTX\ENROJA3.RTM,Other,ENROJA,
ENROJA4.RTM,RTX\ENROJA4.RTM,Other,ENROJA,
ENSOF4.RTM,RTX\ENSOF4.RTM,Other,ENSOF4,
enSOPB1.RTM,RTX\enSOPB1.RTM,Other,ENSOPB,
enSOPB2.rtm,RTX\enSOPB2.rtm,Other,ENSOPB,
enSOPB3.rtm,RTX\enSOPB3.rtm,Other,ENSOPB,
enSOPB4.RTM,RTX\enSOPB4.RTM,Other,ENSOPB,
ENWOLF1.RTM,RTX\ENWOLF1.RTM,Other,ENWOLF,
ENWOLF2.RTM,RTX\ENWOLF2.RTM,Other,ENWOLF,
ENWOLF3.RTM,RTX\ENWOLF3.RTM,Other,ENWOLF,
ienesb1.RTM,RTX\ienesb1.RTM,Other,IENESB,
ienPOE1.rtm,RTX\ienPOE1.rtm,Other,IENPOE,
ienPOE2.rtm,RTX\ienPOE2.rtm,Other,IENPOE,
IENSOF4.RTM,RTX\IENSOF4.RTM,Other,IENSOF,
ienSOPB1.rtm,RTX\ienSOPB1.rtm,Other,IENSOP,
ienSOPB2.rtm,RTX\ienSOPB2.rtm,Other,IENSOP,
ienSOPB3.rtm,RTX\ienSOPB3.rtm,Other,IENSOP,
ienSOPB4.rtm,RTX\ienSOPB4.rtm,Other,IENSOP,
IT6POE1.RTM,RTX\IT6POE1.RTM,Other,IT6POE,
IT6POE2.RTM,RTX\IT6POE2.RTM,Other,IT6POE,
IT6SOF4.RTM,RTX\IT6SOF4.RTM,Other,IT6SOF,
J7WOLL1.RTM,RTX\J7WOLL1.RTM,J7,WO,Work Orders
JM6USE3.RTM,RTX\JM6USE3.RTM,Other,JM6USE,
JMTOPN1.RTM,RTX\JMTOPN1.RTM,Other,JMTOPN,
jmtopn2.RTM,RTX\jmtopn2.RTM,Other,JMTOPN,
T6AMO1.RTM,RTX\T6AMO1.RTM,T6,AM,Accounting Maintenance
T6AMP1.RTM,RTX\T6AMP1.RTM,T6,AM,Accounting Maintenance
T6AMS1.RTM,RTX\T6AMS1.RTM,T6,AM,Accounting Maintenance
T6API1.RTM,RTX\T6API1.RTM,T6,AP,Accounts Payable
T6APJ1.RTM,RTX\T6APJ1.RTM,T6,AP,Accounts Payable
T6APR1.RTM,RTX\T6APR1.RTM,T6,AP,Accounts Payable
T6APR2.RTM,RTX\T6APR2.RTM,T6,AP,Accounts Payable
T6APS3(old).RTM,RTX\T6APS3(old).RTM,T6,AP,Accounts Payable
T6APS3.RTM,RTX\T6APS3.RTM,T6,AP,Accounts Payable
T6APS3UP.RTM,RTX\T6APS3UP.RTM,T6,AP,Accounts Payable
T6APV1.RTM,RTX\T6APV1.RTM,T6,AP,Accounts Payable
T6APY1.RTM,RTX\T6APY1.RTM,T6,AP,Accounts Payable
T6APZA1.RTM,RTX\T6APZA1.RTM,T6,AP,Accounts Payable
t6arg1.RTM,RTX\t6arg1.RTM,T6,AR,Accounts Receivable
T6ARH1.RTM,RTX\T6ARH1.RTM,T6,AR,Accounts Receivable
T6ARP1.RTM,RTX\T6ARP1.RTM,T6,AR,Accounts Receivable
T6BMC1.RTM,RTX\T6BMC1.RTM,T6,BM,Bill of Materials
T6BMD3.RTM,RTX\T6BMD3.RTM,T6,BM,Bill of Materials
T6BME1.RTM,RTX\T6BME1.RTM,T6,BM,Bill of Materials
T6BMF1.RTM,RTX\T6BMF1.RTM,T6,BM,Bill of Materials
T6BMH1.RTM,RTX\T6BMH1.RTM,T6,BM,Bill of Materials
T6BMI1.RTM,RTX\T6BMI1.RTM,T6,BM,Bill of Materials
T6BMJ1.RTM,RTX\T6BMJ1.RTM,T6,BM,Bill of Materials
T6BMK1.RTM,RTX\T6BMK1.RTM,T6,BM,Bill of Materials
T6BML1.RTM,RTX\T6BML1.RTM,T6,BM,Bill of Materials
T6BMR1.RTM,RTX\T6BMR1.RTM,T6,BM,Bill of Materials
T6BOL1.RTM,RTX\T6BOL1.RTM,T6,BO,
T6BOLMS1.RTM,RTX\T6BOLMS1.RTM,T6,BO,
T6CSOC1.RTM,RTX\T6CSOC1.RTM,T6,CS,Commissions
T6CSOC2.rtm,RTX\T6CSOC2.rtm,T6,CS,Commissions
T6CSOI1.RTM,RTX\T6CSOI1.RTM,T6,CS,Commissions
T6CSP1.RTM,RTX\T6CSP1.RTM,T6,CS,Commissions
T6DCL1.RTM,RTX\T6DCL1.RTM,T6,DC,Data Collection
T6DDCHK.RTM,RTX\T6DDCHK.RTM,T6,DD,
T6DEHD1.RTM,RTX\T6DEHD1.RTM,T6,DE,Data Exchange
T6DEJH1.RTM,RTX\T6DEJH1.RTM,T6,DE,Data Exchange
T6DEM1.RTM,RTX\T6DEM1.RTM,T6,DE,Data Exchange
T6DER1.RTM,RTX\T6DER1.RTM,T6,DE,Data Exchange
T6DET1.RTM,RTX\T6DET1.RTM,T6,DE,Data Exchange
T6GLC1.RTM,RTX\T6GLC1.RTM,T6,GL,General Ledger
T6GLD1.RTM,RTX\T6GLD1.RTM,T6,GL,General Ledger
T6GLF1.RTM,RTX\T6GLF1.RTM,T6,GL,General Ledger
T6GLF12.RTM,RTX\T6GLF12.RTM,T6,GL,General Ledger
T6GLF2.RTM,RTX\T6GLF2.RTM,T6,GL,General Ledger
T6GLF3.RTM,RTX\T6GLF3.RTM,T6,GL,General Ledger
T6GLF4.RTM,RTX\T6GLF4.RTM,T6,GL,General Ledger
T6GLJ2.RTM,RTX\T6GLJ2.RTM,T6,GL,General Ledger
t6gloob1.rtm,RTX\t6gloob1.rtm,T6,GL,General Ledger
T6GLS1.RTM,RTX\T6GLS1.RTM,T6,GL,General Ledger
t6ind2.RTM,RTX\t6ind2.RTM,T6,IN,Inventory
t6ind3.RTM,RTX\t6ind3.RTM,T6,IN,Inventory
T6INGC1.RTM,RTX\T6INGC1.RTM,T6,IN,Inventory
T6INH2.RTM,RTX\T6INH2.RTM,T6,IN,Inventory
T6INH3.RTM,RTX\T6INH3.RTM,T6,IN,Inventory
T6INH4.RTM,RTX\T6INH4.RTM,T6,IN,Inventory
T6INLE1.RTM,RTX\T6INLE1.RTM,T6,IN,Inventory
T6INLM1.RTM,RTX\T6INLM1.RTM,T6,IN,Inventory
T6INLT1.RTM,RTX\T6INLT1.RTM,T6,IN,Inventory
T6INM2.RTM,RTX\T6INM2.RTM,T6,IN,Inventory
T6INM3.RTM,RTX\T6INM3.RTM,T6,IN,Inventory
T6INND2.RTM,RTX\T6INND2.RTM,T6,IN,Inventory
T6INP4.RTM,RTX\T6INP4.RTM,T6,IN,Inventory
T6JCE1.RTM,RTX\T6JCE1.RTM,T6,JC,Job Costing
T6JCF1.RTM,RTX\T6JCF1.RTM,T6,JC,Job Costing
T6JCH1.RTM,RTX\T6JCH1.RTM,T6,JC,Job Costing
T6JCI1.RTM,RTX\T6JCI1.RTM,T6,JC,Job Costing
T6JCL1.RTM,RTX\T6JCL1.RTM,T6,JC,Job Costing
T6JCM1.RTM,RTX\T6JCM1.RTM,T6,JC,Job Costing
T6JCP1.RTM,RTX\T6JCP1.RTM,T6,JC,Job Costing
T6JCR1.RTM,RTX\T6JCR1.RTM,T6,JC,Job Costing
T6JCS1XL.RTM,RTX\T6JCS1XL.RTM,T6,JC,Job Costing
T6JCS4.RTM,RTX\T6JCS4.RTM,T6,JC,Job Costing
T6JCT1.RTM,RTX\T6JCT1.RTM,T6,JC,Job Costing
t6mrh1.RTM,RTX\t6mrh1.RTM,T6,MR,MRP
T6MRH2.RTM,RTX\T6MRH2.RTM,T6,MR,MRP
T6MRJ1.RTM,RTX\T6MRJ1.RTM,T6,MR,MRP
T6MRL1.RTM,RTX\T6MRL1.RTM,T6,MR,MRP
T6MRN1.RTM,RTX\T6MRN1.RTM,T6,MR,MRP
T6PIB1.RTM,RTX\T6PIB1.RTM,T6,PI,Physical Inventory
T6POB4RA.RTM,RTX\T6POB4RA.RTM,T6,PO,Purchase Orders
T6POCLOT.RTM,RTX\T6POCLOT.RTM,T6,PO,Purchase Orders
T6POE1.RTM,RTX\T6POE1.RTM,T6,PO,Purchase Orders
T6POE2.RTM,RTX\T6POE2.RTM,T6,PO,Purchase Orders
T6POIA3.RTM,RTX\T6POIA3.RTM,T6,PO,Purchase Orders
T6POIG2.RTM,RTX\T6POIG2.RTM,T6,PO,Purchase Orders
T6POJD1.RTM,RTX\T6POJD1.RTM,T6,PO,Purchase Orders
T6PRC1.RTM,RTX\T6PRC1.RTM,T6,PR,Payroll
T6PRC2.RTM,RTX\T6PRC2.RTM,T6,PR,Payroll
T6PRD1.RTM,RTX\T6PRD1.RTM,T6,PR,Payroll
T6PRD2.RTM,RTX\T6PRD2.RTM,T6,PR,Payroll
T6PRK1.RTM,RTX\T6PRK1.RTM,T6,PR,Payroll
T6PRLC2.RTM,RTX\T6PRLC2.RTM,T6,PR,Payroll
T6PRLG1.RTM,RTX\T6PRLG1.RTM,T6,PR,Payroll
T6PRLI.RTM,RTX\T6PRLI.RTM,T6,PR,Payroll
T6PRLO1.RTM,RTX\T6PRLO1.RTM,T6,PR,Payroll
T6PRLP1.RTM,RTX\T6PRLP1.RTM,T6,PR,Payroll
T6QCA1.RTM,RTX\T6QCA1.RTM,T6,QC,Quality Control
T6QCB1.RTM,RTX\T6QCB1.RTM,T6,QC,Quality Control
T6QCC1.RTM,RTX\T6QCC1.RTM,T6,QC,Quality Control
T6QCD1.RTM,RTX\T6QCD1.RTM,T6,QC,Quality Control
T6QCFB1.RTM,RTX\T6QCFB1.RTM,T6,QC,Quality Control
T6QCFB2.RTM,RTX\T6QCFB2.RTM,T6,QC,Quality Control
T6QCFF1.RTM,RTX\T6QCFF1.RTM,T6,QC,Quality Control
T6QCGB1.RTM,RTX\T6QCGB1.RTM,T6,QC,Quality Control
T6QCGD1.RTM,RTX\T6QCGD1.RTM,T6,QC,Quality Control
T6ROB1.RTM,RTX\T6ROB1.RTM,T6,RO,Routings
T6ROJA3.RTM,RTX\T6ROJA3.RTM,T6,RO,Routings
T6ROJA4.RTM,RTX\T6ROJA4.RTM,T6,RO,Routings
T6ROJD1.RTM,RTX\T6ROJD1.RTM,T6,RO,Routings
T6SAA5.RTM,RTX\T6SAA5.RTM,T6,SA,Sales Analysis
T6SAA6.RTM,RTX\T6SAA6.RTM,T6,SA,Sales Analysis
T6SAB1.RTM,RTX\T6SAB1.RTM,T6,SA,Sales Analysis
T6san3.RTM,RTX\T6san3.RTM,T6,SA,Sales Analysis
T6SAO1.RTM,RTX\T6SAO1.RTM,T6,SA,Sales Analysis
T6SAO2.RTM,RTX\T6SAO2.RTM,T6,SA,Sales Analysis
T6SAO3.RTM,RTX\T6SAO3.RTM,T6,SA,Sales Analysis
T6SHG1.RTM,RTX\T6SHG1.RTM,T6,SH,Scheduling
T6SHI1.RTM,RTX\T6SHI1.RTM,T6,SH,Scheduling
T6SHP1.RTM,RTX\T6SHP1.RTM,T6,SH,Scheduling
T6SMJL1.RTM,RTX\T6SMJL1.RTM,T6,SM,System Maintenance
T6SMJQ1.RTM,RTX\T6SMJQ1.RTM,T6,SM,System Maintenance
T6SMPH1.RTM,RTX\T6SMPH1.RTM,T6,SM,System Maintenance
T6SOCCOO.RTM,RTX\T6SOCCOO.RTM,T6,SO,Sales Orders
T6SOF4.RTM,RTX\T6SOF4.RTM,T6,SO,Sales Orders
T6SOGCG1.RTM,RTX\T6SOGCG1.RTM,T6,SO,Sales Orders
T6SON2.RTM,RTX\T6SON2.RTM,T6,SO,Sales Orders
T6SOOA3.RTM,RTX\T6SOOA3.RTM,T6,SO,Sales Orders
T6SOOE1.RTM,RTX\T6SOOE1.RTM,T6,SO,Sales Orders
T6SOOE2.RTM,RTX\T6SOOE2.RTM,T6,SO,Sales Orders
T6SOOE3.RTM,RTX\T6SOOE3.RTM,T6,SO,Sales Orders
T6SOOE4.RTM,RTX\T6SOOE4.RTM,T6,SO,Sales Orders
T6SOOE5.RTM,RTX\T6SOOE5.RTM,T6,SO,Sales Orders
T6SOOE6.RTM,RTX\T6SOOE6.RTM,T6,SO,Sales Orders
T6SOOE7.RTM,RTX\T6SOOE7.RTM,T6,SO,Sales Orders
T6SOOF3.RTM,RTX\T6SOOF3.RTM,T6,SO,Sales Orders
t6soon1.RTM,RTX\t6soon1.RTM,T6,SO,Sales Orders
t6soon2.RTM,RTX\t6soon2.RTM,T6,SO,Sales Orders
t6soon3.RTM,RTX\t6soon3.RTM,T6,SO,Sales Orders
T6SOON4.RTM,RTX\T6SOON4.RTM,T6,SO,Sales Orders
T6SOPB1.RTM,RTX\T6SOPB1.RTM,T6,SO,Sales Orders
T6SOPB2.RTM,RTX\T6SOPB2.RTM,T6,SO,Sales Orders
T6SOPB3.RTM,RTX\T6SOPB3.RTM,T6,SO,Sales Orders
T6SOPB4.RTM,RTX\T6SOPB4.RTM,T6,SO,Sales Orders
T6SOPM1.RTM,RTX\T6SOPM1.RTM,T6,SO,Sales Orders
T6SOQK1.RTM,RTX\T6SOQK1.RTM,T6,SO,Sales Orders
T6SOQK2.RTM,RTX\T6SOQK2.RTM,T6,SO,Sales Orders
T6SOQK3.RTM,RTX\T6SOQK3.RTM,T6,SO,Sales Orders
T6UTH1.RTM,RTX\T6UTH1.RTM,T6,UT,Utilities
T6UTKG1.RTM,RTX\T6UTKG1.RTM,T6,UT,Utilities
T6WCD1.RTM,RTX\T6WCD1.RTM,T6,WC,Warehouse Control
T6WCH1.RTM,RTX\T6WCH1.RTM,T6,WC,Warehouse Control
T6WOB1.RTM,RTX\T6WOB1.RTM,T6,WO,Work Orders
T6WOB2.RTM,RTX\T6WOB2.RTM,T6,WO,Work Orders
T6WOD2.RTM,RTX\T6WOD2.RTM,T6,WO,Work Orders
T6WOJ1.RTM,RTX\T6WOJ1.RTM,T6,WO,Work Orders
T6WOKS1.RTM,RTX\T6WOKS1.RTM,T6,WO,Work Orders
T6WOKT1.RTM,RTX\T6WOKT1.RTM,T6,WO,Work Orders
T6WOKT2.RTM,RTX\T6WOKT2.RTM,T6,WO,Work Orders
T6WOLA3.RTM,RTX\T6WOLA3.RTM,T6,WO,Work Orders
T6WOLC4.RTM,RTX\T6WOLC4.RTM,T6,WO,Work Orders
T6WOLE1.RTM,RTX\T6WOLE1.RTM,T6,WO,Work Orders
T6WOLG1.RTM,RTX\T6WOLG1.RTM,T6,WO,Work Orders
T6WOLH1.RTM,RTX\T6WOLH1.RTM,T6,WO,Work Orders
T6WOLI1.RTM,RTX\T6WOLI1.RTM,T6,WO,Work Orders
T6WOLI2.RTM,RTX\T6WOLI2.RTM,T6,WO,Work Orders
T6WOLI3.RTM,RTX\T6WOLI3.RTM,T6,WO,Work Orders
T6WOLL1.RTM,RTX\T6WOLL1.RTM,T6,WO,Work Orders
T6WOLN1.RTM,RTX\T6WOLN1.RTM,T6,WO,Work Orders
T6WOLO1.RTM,RTX\T6WOLO1.RTM,T6,WO,Work Orders
T6WOP1.RTM,RTX\T6WOP1.RTM,T6,WO,Work Orders
T6WOS1.RTM,RTX\T6WOS1.RTM,T6,WO,Work Orders
T7APE2.RTM,RTX\T7APE2.RTM,T7,AP,Accounts Payable
T7APJ1.RTM,RTX\T7APJ1.RTM,T7,AP,Accounts Payable
T7DRILL.RTM,RTX\T7DRILL.RTM,T7,DR,
BKAPHA2.RTM,Testdata\BKAPHA2.RTM,BK,AP,Accounts Payable
